0 verbose cli C:\Program Files\nodejs\node.exe C:\Program Files\nodejs\node_modules\npm\bin\npm-cli.js
1 info using npm@11.8.0
2 info using node@v24.13.1
3 silly config load:file:C:\Program Files\nodejs\node_modules\npm\npmrc
4 silly config load:file:C:\Users\neffa\Downloads\Esprit-PI-4sae5-2026-LinguaNova-final\LinguaNova\.npmrc
5 silly config load:file:C:\Users\neffa\.npmrc
6 silly config load:file:C:\Users\neffa\AppData\Roaming\npm\etc\npmrc
7 verbose title npm install
8 verbose argv "install" "--cache" ".npm-cache"
9 verbose logfile logs-max:10 dir:C:\Users\neffa\Downloads\Esprit-PI-4sae5-2026-LinguaNova-final\LinguaNova\.npm-cache\_logs\2026-04-15T23_22_30_418Z-
10 verbose logfile C:\Users\neffa\Downloads\Esprit-PI-4sae5-2026-LinguaNova-final\LinguaNova\.npm-cache\_logs\2026-04-15T23_22_30_418Z-debug-0.log
11 silly logfile done cleaning log files
12 silly packumentCache heap:4496293888 maxSize:1124073472 maxEntrySize:562036736
13 silly idealTree buildDeps
14 silly reify mark retired [
14 silly reify   'C:\\Users\\neffa\\Downloads\\Esprit-PI-4sae5-2026-LinguaNova-final\\LinguaNova\\node_modules\\autoprefixer'
14 silly reify ]
15 silly reify mark retired [
15 silly reify   'C:\\Users\\neffa\\Downloads\\Esprit-PI-4sae5-2026-LinguaNova-final\\LinguaNova\\node_modules\\baseline-browser-mapping'
15 silly reify ]
16 silly reify mark retired [
16 silly reify   'C:\\Users\\neffa\\Downloads\\Esprit-PI-4sae5-2026-LinguaNova-final\\LinguaNova\\node_modules\\browserslist'
16 silly reify ]
17 silly reify mark retired [
17 silly reify   'C:\\Users\\neffa\\Downloads\\Esprit-PI-4sae5-2026-LinguaNova-final\\LinguaNova\\node_modules\\cssesc'
17 silly reify ]
18 silly reify mark retired [
18 silly reify   'C:\\Users\\neffa\\Downloads\\Esprit-PI-4sae5-2026-LinguaNova-final\\LinguaNova\\node_modules\\esbuild'
18 silly reify ]
19 silly reify mark retired [
19 silly reify   'C:\\Users\\neffa\\Downloads\\Esprit-PI-4sae5-2026-LinguaNova-final\\LinguaNova\\node_modules\\faye-websocket'
19 silly reify ]
20 silly reify mark retired [
20 silly reify   'C:\\Users\\neffa\\Downloads\\Esprit-PI-4sae5-2026-LinguaNova-final\\LinguaNova\\node_modules\\http-parser-js'
20 silly reify ]
21 silly reify mark retired [
21 silly reify   'C:\\Users\\neffa\\Downloads\\Esprit-PI-4sae5-2026-LinguaNova-final\\LinguaNova\\node_modules\\jiti'
21 silly reify ]
22 silly reify mark retired [
22 silly reify   'C:\\Users\\neffa\\Downloads\\Esprit-PI-4sae5-2026-LinguaNova-final\\LinguaNova\\node_modules\\jsesc'
22 silly reify ]
23 silly reify mark retired [
23 silly reify   'C:\\Users\\neffa\\Downloads\\Esprit-PI-4sae5-2026-LinguaNova-final\\LinguaNova\\node_modules\\json5'
23 silly reify ]
24 silly reify mark retired [
24 silly reify   'C:\\Users\\neffa\\Downloads\\Esprit-PI-4sae5-2026-LinguaNova-final\\LinguaNova\\node_modules\\leaflet'
24 silly reify ]
25 silly reify mark retired [
25 silly reify   'C:\\Users\\neffa\\Downloads\\Esprit-PI-4sae5-2026-LinguaNova-final\\LinguaNova\\node_modules\\lmdb'
25 silly reify ]
26 silly reify mark retired [
26 silly reify   'C:\\Users\\neffa\\Downloads\\Esprit-PI-4sae5-2026-LinguaNova-final\\LinguaNova\\node_modules\\msgpackr-extract'
26 silly reify ]
27 silly reify mark retired [
27 silly reify   'C:\\Users\\neffa\\Downloads\\Esprit-PI-4sae5-2026-LinguaNova-final\\LinguaNova\\node_modules\\nanoid'
27 silly reify ]
28 silly reify mark retired [
28 silly reify   'C:\\Users\\neffa\\Downloads\\Esprit-PI-4sae5-2026-LinguaNova-final\\LinguaNova\\node_modules\\node-gyp'
28 silly reify ]
29 silly reify mark retired [
29 silly reify   'C:\\Users\\neffa\\Downloads\\Esprit-PI-4sae5-2026-LinguaNova-final\\LinguaNova\\node_modules\\node-gyp-build-optional-packages'
29 silly reify ]
30 silly reify mark retired [
30 silly reify   'C:\\Users\\neffa\\Downloads\\Esprit-PI-4sae5-2026-LinguaNova-final\\LinguaNova\\node_modules\\nopt'
30 silly reify ]
31 silly reify mark retired [
31 silly reify   'C:\\Users\\neffa\\Downloads\\Esprit-PI-4sae5-2026-LinguaNova-final\\LinguaNova\\node_modules\\pacote'
31 silly reify ]
32 silly reify mark retired [
32 silly reify   'C:\\Users\\neffa\\Downloads\\Esprit-PI-4sae5-2026-LinguaNova-final\\LinguaNova\\node_modules\\querystringify'
32 silly reify ]
33 silly reify mark retired [
33 silly reify   'C:\\Users\\neffa\\Downloads\\Esprit-PI-4sae5-2026-LinguaNova-final\\LinguaNova\\node_modules\\requires-port'
33 silly reify ]
34 silly reify mark retired [
34 silly reify   'C:\\Users\\neffa\\Downloads\\Esprit-PI-4sae5-2026-LinguaNova-final\\LinguaNova\\node_modules\\resolve'
34 silly reify ]
35 silly reify mark retired [
35 silly reify   'C:\\Users\\neffa\\Downloads\\Esprit-PI-4sae5-2026-LinguaNova-final\\LinguaNova\\node_modules\\rolldown'
35 silly reify ]
36 silly reify mark retired [
36 silly reify   'C:\\Users\\neffa\\Downloads\\Esprit-PI-4sae5-2026-LinguaNova-final\\LinguaNova\\node_modules\\rollup'
36 silly reify ]
37 silly reify mark retired [
37 silly reify   'C:\\Users\\neffa\\Downloads\\Esprit-PI-4sae5-2026-LinguaNova-final\\LinguaNova\\node_modules\\safe-buffer'
37 silly reify ]
38 silly reify mark retired [
38 silly reify   'C:\\Users\\neffa\\Downloads\\Esprit-PI-4sae5-2026-LinguaNova-final\\LinguaNova\\node_modules\\semver'
38 silly reify ]
39 silly reify mark retired [
39 silly reify   'C:\\Users\\neffa\\Downloads\\Esprit-PI-4sae5-2026-LinguaNova-final\\LinguaNova\\node_modules\\sass'
39 silly reify ]
40 silly reify mark retired [
40 silly reify   'C:\\Users\\neffa\\Downloads\\Esprit-PI-4sae5-2026-LinguaNova-final\\LinguaNova\\node_modules\\sockjs-client'
40 silly reify ]
41 silly reify mark retired [
41 silly reify   'C:\\Users\\neffa\\Downloads\\Esprit-PI-4sae5-2026-LinguaNova-final\\LinguaNova\\node_modules\\sucrase'
41 silly reify ]
42 silly reify mark retired [
42 silly reify   'C:\\Users\\neffa\\Downloads\\Esprit-PI-4sae5-2026-LinguaNova-final\\LinguaNova\\node_modules\\tailwindcss'
42 silly reify ]
43 silly reify mark retired [
43 silly reify   'C:\\Users\\neffa\\Downloads\\Esprit-PI-4sae5-2026-LinguaNova-final\\LinguaNova\\node_modules\\tldts'
43 silly reify ]
44 silly reify mark retired [
44 silly reify   'C:\\Users\\neffa\\Downloads\\Esprit-PI-4sae5-2026-LinguaNova-final\\LinguaNova\\node_modules\\typescript'
44 silly reify ]
45 silly reify mark retired [
45 silly reify   'C:\\Users\\neffa\\Downloads\\Esprit-PI-4sae5-2026-LinguaNova-final\\LinguaNova\\node_modules\\update-browserslist-db'
45 silly reify ]
46 silly reify mark retired [
46 silly reify   'C:\\Users\\neffa\\Downloads\\Esprit-PI-4sae5-2026-LinguaNova-final\\LinguaNova\\node_modules\\url-parse'
46 silly reify ]
47 silly reify mark retired [
47 silly reify   'C:\\Users\\neffa\\Downloads\\Esprit-PI-4sae5-2026-LinguaNova-final\\LinguaNova\\node_modules\\vite'
47 silly reify ]
48 silly reify mark retired [
48 silly reify   'C:\\Users\\neffa\\Downloads\\Esprit-PI-4sae5-2026-LinguaNova-final\\LinguaNova\\node_modules\\vitest'
48 silly reify ]
49 silly reify mark retired [
49 silly reify   'C:\\Users\\neffa\\Downloads\\Esprit-PI-4sae5-2026-LinguaNova-final\\LinguaNova\\node_modules\\websocket-driver'
49 silly reify ]
50 silly reify mark retired [
50 silly reify   'C:\\Users\\neffa\\Downloads\\Esprit-PI-4sae5-2026-LinguaNova-final\\LinguaNova\\node_modules\\websocket-extensions'
50 silly reify ]
51 silly reify mark retired [
51 silly reify   'C:\\Users\\neffa\\Downloads\\Esprit-PI-4sae5-2026-LinguaNova-final\\LinguaNova\\node_modules\\why-is-node-running'
51 silly reify ]
52 silly reify mark retired [
52 silly reify   'C:\\Users\\neffa\\Downloads\\Esprit-PI-4sae5-2026-LinguaNova-final\\LinguaNova\\node_modules\\which'
52 silly reify ]
53 silly reify mark retired [
53 silly reify   'C:\\Users\\neffa\\Downloads\\Esprit-PI-4sae5-2026-LinguaNova-final\\LinguaNova\\node_modules\\@angular\\cli'
53 silly reify ]
54 silly reify mark retired [
54 silly reify   'C:\\Users\\neffa\\Downloads\\Esprit-PI-4sae5-2026-LinguaNova-final\\LinguaNova\\node_modules\\@angular\\compiler-cli'
54 silly reify ]
55 silly reify mark retired [
55 silly reify   'C:\\Users\\neffa\\Downloads\\Esprit-PI-4sae5-2026-LinguaNova-final\\LinguaNova\\node_modules\\@angular-devkit\\architect'
55 silly reify ]
56 silly reify mark retired [
56 silly reify   'C:\\Users\\neffa\\Downloads\\Esprit-PI-4sae5-2026-LinguaNova-final\\LinguaNova\\node_modules\\@babel\\parser'
56 silly reify ]
57 silly reify mark retired [
57 silly reify   'C:\\Users\\neffa\\Downloads\\Esprit-PI-4sae5-2026-LinguaNova-final\\LinguaNova\\node_modules\\@npmcli\\installed-package-contents'
57 silly reify ]
58 silly reify mark retired [
58 silly reify   'C:\\Users\\neffa\\Downloads\\Esprit-PI-4sae5-2026-LinguaNova-final\\LinguaNova\\node_modules\\@stomp\\stompjs'
58 silly reify ]
59 silly reify mark retired [
59 silly reify   'C:\\Users\\neffa\\Downloads\\Esprit-PI-4sae5-2026-LinguaNova-final\\LinguaNova\\node_modules\\@types\\geojson'
59 silly reify ]
60 silly reify mark retired [
60 silly reify   'C:\\Users\\neffa\\Downloads\\Esprit-PI-4sae5-2026-LinguaNova-final\\LinguaNova\\node_modules\\@types\\leaflet'
60 silly reify ]
61 silly reify mark retired [
61 silly reify   'C:\\Users\\neffa\\Downloads\\Esprit-PI-4sae5-2026-LinguaNova-final\\LinguaNova\\node_modules\\@types\\sockjs-client'
61 silly reify ]
62 silly reify mark retired [
62 silly reify   'C:\\Users\\neffa\\Downloads\\Esprit-PI-4sae5-2026-LinguaNova-final\\LinguaNova\\node_modules\\@babel\\core\\node_modules\\semver'
62 silly reify ]
63 silly reify mark retired [
63 silly reify   'C:\\Users\\neffa\\Downloads\\Esprit-PI-4sae5-2026-LinguaNova-final\\LinguaNova\\node_modules\\@babel\\helper-compilation-targets\\node_modules\\semver'
63 silly reify ]
64 silly reify mark retired [
64 silly reify   'C:\\Users\\neffa\\Downloads\\Esprit-PI-4sae5-2026-LinguaNova-final\\LinguaNova\\node_modules\\@npmcli\\git\\node_modules\\which'
64 silly reify ]
65 silly reify mark retired [
65 silly reify   'C:\\Users\\neffa\\Downloads\\Esprit-PI-4sae5-2026-LinguaNova-final\\LinguaNova\\node_modules\\@npmcli\\promise-spawn\\node_modules\\which'
65 silly reify ]
66 silly reify mark retired [
66 silly reify   'C:\\Users\\neffa\\Downloads\\Esprit-PI-4sae5-2026-LinguaNova-final\\LinguaNova\\node_modules\\@npmcli\\run-script\\node_modules\\which'
66 silly reify ]
67 silly reify moves {
67 silly reify   'C:\\Users\\neffa\\Downloads\\Esprit-PI-4sae5-2026-LinguaNova-final\\LinguaNova\\node_modules\\autoprefixer': 'C:\\Users\\neffa\\Downloads\\Esprit-PI-4sae5-2026-LinguaNova-final\\LinguaNova\\node_modules\\.autoprefixer-hsT0kI6D',
67 silly reify   'C:\\Users\\neffa\\Downloads\\Esprit-PI-4sae5-2026-LinguaNova-final\\LinguaNova\\node_modules\\baseline-browser-mapping': 'C:\\Users\\neffa\\Downloads\\Esprit-PI-4sae5-2026-LinguaNova-final\\LinguaNova\\node_modules\\.baseline-browser-mapping-iKO512Os',
67 silly reify   'C:\\Users\\neffa\\Downloads\\Esprit-PI-4sae5-2026-LinguaNova-final\\LinguaNova\\node_modules\\browserslist': 'C:\\Users\\neffa\\Downloads\\Esprit-PI-4sae5-2026-LinguaNova-final\\LinguaNova\\node_modules\\.browserslist-dd0V2sGR',
67 silly reify   'C:\\Users\\neffa\\Downloads\\Esprit-PI-4sae5-2026-LinguaNova-final\\LinguaNova\\node_modules\\cssesc': 'C:\\Users\\neffa\\Downloads\\Esprit-PI-4sae5-2026-LinguaNova-final\\LinguaNova\\node_modules\\.cssesc-SFHROlP1',
67 silly reify   'C:\\Users\\neffa\\Downloads\\Esprit-PI-4sae5-2026-LinguaNova-final\\LinguaNova\\node_modules\\esbuild': 'C:\\Users\\neffa\\Downloads\\Esprit-PI-4sae5-2026-LinguaNova-final\\LinguaNova\\node_modules\\.esbuild-6RrfnpEX',
67 silly reify   'C:\\Users\\neffa\\Downloads\\Esprit-PI-4sae5-2026-LinguaNova-final\\LinguaNova\\node_modules\\faye-websocket': 'C:\\Users\\neffa\\Downloads\\Esprit-PI-4sae5-2026-LinguaNova-final\\LinguaNova\\node_modules\\.faye-websocket-r6VUUQXN',
67 silly reify   'C:\\Users\\neffa\\Downloads\\Esprit-PI-4sae5-2026-LinguaNova-final\\LinguaNova\\node_modules\\http-parser-js': 'C:\\Users\\neffa\\Downloads\\Esprit-PI-4sae5-2026-LinguaNova-final\\LinguaNova\\node_modules\\.http-parser-js-l29iSMWs',
67 silly reify   'C:\\Users\\neffa\\Downloads\\Esprit-PI-4sae5-2026-LinguaNova-final\\LinguaNova\\node_modules\\jiti': 'C:\\Users\\neffa\\Downloads\\Esprit-PI-4sae5-2026-LinguaNova-final\\LinguaNova\\node_modules\\.jiti-CdgLkBC4',
67 silly reify   'C:\\Users\\neffa\\Downloads\\Esprit-PI-4sae5-2026-LinguaNova-final\\LinguaNova\\node_modules\\jsesc': 'C:\\Users\\neffa\\Downloads\\Esprit-PI-4sae5-2026-LinguaNova-final\\LinguaNova\\node_modules\\.jsesc-iwyioy8r',
67 silly reify   'C:\\Users\\neffa\\Downloads\\Esprit-PI-4sae5-2026-LinguaNova-final\\LinguaNova\\node_modules\\json5': 'C:\\Users\\neffa\\Downloads\\Esprit-PI-4sae5-2026-LinguaNova-final\\LinguaNova\\node_modules\\.json5-6bUGXKI9',
67 silly reify   'C:\\Users\\neffa\\Downloads\\Esprit-PI-4sae5-2026-LinguaNova-final\\LinguaNova\\node_modules\\leaflet': 'C:\\Users\\neffa\\Downloads\\Esprit-PI-4sae5-2026-LinguaNova-final\\LinguaNova\\node_modules\\.leaflet-Tjuv8Fhb',
67 silly reify   'C:\\Users\\neffa\\Downloads\\Esprit-PI-4sae5-2026-LinguaNova-final\\LinguaNova\\node_modules\\lmdb': 'C:\\Users\\neffa\\Downloads\\Esprit-PI-4sae5-2026-LinguaNova-final\\LinguaNova\\node_modules\\.lmdb-Dkr0mCeS',
67 silly reify   'C:\\Users\\neffa\\Downloads\\Esprit-PI-4sae5-2026-LinguaNova-final\\LinguaNova\\node_modules\\msgpackr-extract': 'C:\\Users\\neffa\\Downloads\\Esprit-PI-4sae5-2026-LinguaNova-final\\LinguaNova\\node_modules\\.msgpackr-extract-BqWr9rze',
67 silly reify   'C:\\Users\\neffa\\Downloads\\Esprit-PI-4sae5-2026-LinguaNova-final\\LinguaNova\\node_modules\\nanoid': 'C:\\Users\\neffa\\Downloads\\Esprit-PI-4sae5-2026-LinguaNova-final\\LinguaNova\\node_modules\\.nanoid-aEzam3eV',
67 silly reify   'C:\\Users\\neffa\\Downloads\\Esprit-PI-4sae5-2026-LinguaNova-final\\LinguaNova\\node_modules\\node-gyp': 'C:\\Users\\neffa\\Downloads\\Esprit-PI-4sae5-2026-LinguaNova-final\\LinguaNova\\node_modules\\.node-gyp-2XKMUuL0',
67 silly reify   'C:\\Users\\neffa\\Downloads\\Esprit-PI-4sae5-2026-LinguaNova-final\\LinguaNova\\node_modules\\node-gyp-build-optional-packages': 'C:\\Users\\neffa\\Downloads\\Esprit-PI-4sae5-2026-LinguaNova-final\\LinguaNova\\node_modules\\.node-gyp-build-optional-packages-pGMUu8cA',
67 silly reify   'C:\\Users\\neffa\\Downloads\\Esprit-PI-4sae5-2026-LinguaNova-final\\LinguaNova\\node_modules\\nopt': 'C:\\Users\\neffa\\Downloads\\Esprit-PI-4sae5-2026-LinguaNova-final\\LinguaNova\\node_modules\\.nopt-TXsWG0Sm',
67 silly reify   'C:\\Users\\neffa\\Downloads\\Esprit-PI-4sae5-2026-LinguaNova-final\\LinguaNova\\node_modules\\pacote': 'C:\\Users\\neffa\\Downloads\\Esprit-PI-4sae5-2026-LinguaNova-final\\LinguaNova\\node_modules\\.pacote-oIN46VAJ',
67 silly reify   'C:\\Users\\neffa\\Downloads\\Esprit-PI-4sae5-2026-LinguaNova-final\\LinguaNova\\node_modules\\querystringify': 'C:\\Users\\neffa\\Downloads\\Esprit-PI-4sae5-2026-LinguaNova-final\\LinguaNova\\node_modules\\.querystringify-X0yEfWm7',
67 silly reify   'C:\\Users\\neffa\\Downloads\\Esprit-PI-4sae5-2026-LinguaNova-final\\LinguaNova\\node_modules\\requires-port': 'C:\\Users\\neffa\\Downloads\\Esprit-PI-4sae5-2026-LinguaNova-final\\LinguaNova\\node_modules\\.requires-port-KWdVL0X2',
67 silly reify   'C:\\Users\\neffa\\Downloads\\Esprit-PI-4sae5-2026-LinguaNova-final\\LinguaNova\\node_modules\\resolve': 'C:\\Users\\neffa\\Downloads\\Esprit-PI-4sae5-2026-LinguaNova-final\\LinguaNova\\node_modules\\.resolve-J3OAjBu7',
67 silly reify   'C:\\Users\\neffa\\Downloads\\Esprit-PI-4sae5-2026-LinguaNova-final\\LinguaNova\\node_modules\\rolldown': 'C:\\Users\\neffa\\Downloads\\Esprit-PI-4sae5-2026-LinguaNova-final\\LinguaNova\\node_modules\\.rolldown-6NH1gtHX',
67 silly reify   'C:\\Users\\neffa\\Downloads\\Esprit-PI-4sae5-2026-LinguaNova-final\\LinguaNova\\node_modules\\rollup': 'C:\\Users\\neffa\\Downloads\\Esprit-PI-4sae5-2026-LinguaNova-final\\LinguaNova\\node_modules\\.rollup-Pc3ygE5m',
67 silly reify   'C:\\Users\\neffa\\Downloads\\Esprit-PI-4sae5-2026-LinguaNova-final\\LinguaNova\\node_modules\\safe-buffer': 'C:\\Users\\neffa\\Downloads\\Esprit-PI-4sae5-2026-LinguaNova-final\\LinguaNova\\node_modules\\.safe-buffer-fYuQ25U8',
67 silly reify   'C:\\Users\\neffa\\Downloads\\Esprit-PI-4sae5-2026-LinguaNova-final\\LinguaNova\\node_modules\\semver': 'C:\\Users\\neffa\\Downloads\\Esprit-PI-4sae5-2026-LinguaNova-final\\LinguaNova\\node_modules\\.semver-phkM7z3L',
67 silly reify   'C:\\Users\\neffa\\Downloads\\Esprit-PI-4sae5-2026-LinguaNova-final\\LinguaNova\\node_modules\\sass': 'C:\\Users\\neffa\\Downloads\\Esprit-PI-4sae5-2026-LinguaNova-final\\LinguaNova\\node_modules\\.sass-o9lLl6AX',
67 silly reify   'C:\\Users\\neffa\\Downloads\\Esprit-PI-4sae5-2026-LinguaNova-final\\LinguaNova\\node_modules\\sockjs-client': 'C:\\Users\\neffa\\Downloads\\Esprit-PI-4sae5-2026-LinguaNova-final\\LinguaNova\\node_modules\\.sockjs-client-c8YQ5hou',
67 silly reify   'C:\\Users\\neffa\\Downloads\\Esprit-PI-4sae5-2026-LinguaNova-final\\LinguaNova\\node_modules\\sucrase': 'C:\\Users\\neffa\\Downloads\\Esprit-PI-4sae5-2026-LinguaNova-final\\LinguaNova\\node_modules\\.sucrase-DqkoQEEa',
67 silly reify   'C:\\Users\\neffa\\Downloads\\Esprit-PI-4sae5-2026-LinguaNova-final\\LinguaNova\\node_modules\\tailwindcss': 'C:\\Users\\neffa\\Downloads\\Esprit-PI-4sae5-2026-LinguaNova-final\\LinguaNova\\node_modules\\.tailwindcss-Cq5Lx8Lw',
67 silly reify   'C:\\Users\\neffa\\Downloads\\Esprit-PI-4sae5-2026-LinguaNova-final\\LinguaNova\\node_modules\\tldts': 'C:\\Users\\neffa\\Downloads\\Esprit-PI-4sae5-2026-LinguaNova-final\\LinguaNova\\node_modules\\.tldts-m5BLG8C3',
67 silly reify   'C:\\Users\\neffa\\Downloads\\Esprit-PI-4sae5-2026-LinguaNova-final\\LinguaNova\\node_modules\\typescript': 'C:\\Users\\neffa\\Downloads\\Esprit-PI-4sae5-2026-LinguaNova-final\\LinguaNova\\node_modules\\.typescript-1DPfvn8Z',
67 silly reify   'C:\\Users\\neffa\\Downloads\\Esprit-PI-4sae5-2026-LinguaNova-final\\LinguaNova\\node_modules\\update-browserslist-db': 'C:\\Users\\neffa\\Downloads\\Esprit-PI-4sae5-2026-LinguaNova-final\\LinguaNova\\node_modules\\.update-browserslist-db-Mj9dZwia',
67 silly reify   'C:\\Users\\neffa\\Downloads\\Esprit-PI-4sae5-2026-LinguaNova-final\\LinguaNova\\node_modules\\url-parse': 'C:\\Users\\neffa\\Downloads\\Esprit-PI-4sae5-2026-LinguaNova-final\\LinguaNova\\node_modules\\.url-parse-XdsotI1L',
67 silly reify   'C:\\Users\\neffa\\Downloads\\Esprit-PI-4sae5-2026-LinguaNova-final\\LinguaNova\\node_modules\\vite': 'C:\\Users\\neffa\\Downloads\\Esprit-PI-4sae5-2026-LinguaNova-final\\LinguaNova\\node_modules\\.vite-iqHNbYuj',
67 silly reify   'C:\\Users\\neffa\\Downloads\\Esprit-PI-4sae5-2026-LinguaNova-final\\LinguaNova\\node_modules\\vitest': 'C:\\Users\\neffa\\Downloads\\Esprit-PI-4sae5-2026-LinguaNova-final\\LinguaNova\\node_modules\\.vitest-EkYth3dE',
67 silly reify   'C:\\Users\\neffa\\Downloads\\Esprit-PI-4sae5-2026-LinguaNova-final\\LinguaNova\\node_modules\\websocket-driver': 'C:\\Users\\neffa\\Downloads\\Esprit-PI-4sae5-2026-LinguaNova-final\\LinguaNova\\node_modules\\.websocket-driver-7mvLlDyJ',
67 silly reify   'C:\\Users\\neffa\\Downloads\\Esprit-PI-4sae5-2026-LinguaNova-final\\LinguaNova\\node_modules\\websocket-extensions': 'C:\\Users\\neffa\\Downloads\\Esprit-PI-4sae5-2026-LinguaNova-final\\LinguaNova\\node_modules\\.websocket-extensions-Gn1YGV7l',
67 silly reify   'C:\\Users\\neffa\\Downloads\\Esprit-PI-4sae5-2026-LinguaNova-final\\LinguaNova\\node_modules\\why-is-node-running': 'C:\\Users\\neffa\\Downloads\\Esprit-PI-4sae5-2026-LinguaNova-final\\LinguaNova\\node_modules\\.why-is-node-running-EVy7cjol',
67 silly reify   'C:\\Users\\neffa\\Downloads\\Esprit-PI-4sae5-2026-LinguaNova-final\\LinguaNova\\node_modules\\which': 'C:\\Users\\neffa\\Downloads\\Esprit-PI-4sae5-2026-LinguaNova-final\\LinguaNova\\node_modules\\.which-odbPPToI',
67 silly reify   'C:\\Users\\neffa\\Downloads\\Esprit-PI-4sae5-2026-LinguaNova-final\\LinguaNova\\node_modules\\@angular\\cli': 'C:\\Users\\neffa\\Downloads\\Esprit-PI-4sae5-2026-LinguaNova-final\\LinguaNova\\node_modules\\@angular\\.cli-lE6tbxHw',
67 silly reify   'C:\\Users\\neffa\\Downloads\\Esprit-PI-4sae5-2026-LinguaNova-final\\LinguaNova\\node_modules\\@angular\\compiler-cli': 'C:\\Users\\neffa\\Downloads\\Esprit-PI-4sae5-2026-LinguaNova-final\\LinguaNova\\node_modules\\@angular\\.compiler-cli-GWzKuGQf',
67 silly reify   'C:\\Users\\neffa\\Downloads\\Esprit-PI-4sae5-2026-LinguaNova-final\\LinguaNova\\node_modules\\@angular-devkit\\architect': 'C:\\Users\\neffa\\Downloads\\Esprit-PI-4sae5-2026-LinguaNova-final\\LinguaNova\\node_modules\\@angular-devkit\\.architect-yVjsEvgf',
67 silly reify   'C:\\Users\\neffa\\Downloads\\Esprit-PI-4sae5-2026-LinguaNova-final\\LinguaNova\\node_modules\\@babel\\parser': 'C:\\Users\\neffa\\Downloads\\Esprit-PI-4sae5-2026-LinguaNova-final\\LinguaNova\\node_modules\\@babel\\.parser-RglQrfDj',
67 silly reify   'C:\\Users\\neffa\\Downloads\\Esprit-PI-4sae5-2026-LinguaNova-final\\LinguaNova\\node_modules\\@npmcli\\installed-package-contents': 'C:\\Users\\neffa\\Downloads\\Esprit-PI-4sae5-2026-LinguaNova-final\\LinguaNova\\node_modules\\@npmcli\\.installed-package-contents-4tf5seLW',
67 silly reify   'C:\\Users\\neffa\\Downloads\\Esprit-PI-4sae5-2026-LinguaNova-final\\LinguaNova\\node_modules\\@stomp\\stompjs': 'C:\\Users\\neffa\\Downloads\\Esprit-PI-4sae5-2026-LinguaNova-final\\LinguaNova\\node_modules\\@stomp\\.stompjs-Jy1U7LO6',
67 silly reify   'C:\\Users\\neffa\\Downloads\\Esprit-PI-4sae5-2026-LinguaNova-final\\LinguaNova\\node_modules\\@types\\geojson': 'C:\\Users\\neffa\\Downloads\\Esprit-PI-4sae5-2026-LinguaNova-final\\LinguaNova\\node_modules\\@types\\.geojson-l6SfO4Tg',
67 silly reify   'C:\\Users\\neffa\\Downloads\\Esprit-PI-4sae5-2026-LinguaNova-final\\LinguaNova\\node_modules\\@types\\leaflet': 'C:\\Users\\neffa\\Downloads\\Esprit-PI-4sae5-2026-LinguaNova-final\\LinguaNova\\node_modules\\@types\\.leaflet-w2lhglpz',
67 silly reify   'C:\\Users\\neffa\\Downloads\\Esprit-PI-4sae5-2026-LinguaNova-final\\LinguaNova\\node_modules\\@types\\sockjs-client': 'C:\\Users\\neffa\\Downloads\\Esprit-PI-4sae5-2026-LinguaNova-final\\LinguaNova\\node_modules\\@types\\.sockjs-client-LthoewRX',
67 silly reify   'C:\\Users\\neffa\\Downloads\\Esprit-PI-4sae5-2026-LinguaNova-final\\LinguaNova\\node_modules\\@babel\\core\\node_modules\\semver': 'C:\\Users\\neffa\\Downloads\\Esprit-PI-4sae5-2026-LinguaNova-final\\LinguaNova\\node_modules\\@babel\\core\\node_modules\\.semver-cak26eMf',
67 silly reify   'C:\\Users\\neffa\\Downloads\\Esprit-PI-4sae5-2026-LinguaNova-final\\LinguaNova\\node_modules\\@babel\\helper-compilation-targets\\node_modules\\semver': 'C:\\Users\\neffa\\Downloads\\Esprit-PI-4sae5-2026-LinguaNova-final\\LinguaNova\\node_modules\\@babel\\helper-compilation-targets\\node_modules\\.semver-YE98LZGd',
67 silly reify   'C:\\Users\\neffa\\Downloads\\Esprit-PI-4sae5-2026-LinguaNova-final\\LinguaNova\\node_modules\\@npmcli\\git\\node_modules\\which': 'C:\\Users\\neffa\\Downloads\\Esprit-PI-4sae5-2026-LinguaNova-final\\LinguaNova\\node_modules\\@npmcli\\git\\node_modules\\.which-WwZW4Ca5',
67 silly reify   'C:\\Users\\neffa\\Downloads\\Esprit-PI-4sae5-2026-LinguaNova-final\\LinguaNova\\node_modules\\@npmcli\\promise-spawn\\node_modules\\which': 'C:\\Users\\neffa\\Downloads\\Esprit-PI-4sae5-2026-LinguaNova-final\\LinguaNova\\node_modules\\@npmcli\\promise-spawn\\node_modules\\.which-406zBfsO',
67 silly reify   'C:\\Users\\neffa\\Downloads\\Esprit-PI-4sae5-2026-LinguaNova-final\\LinguaNova\\node_modules\\@npmcli\\run-script\\node_modules\\which': 'C:\\Users\\neffa\\Downloads\\Esprit-PI-4sae5-2026-LinguaNova-final\\LinguaNova\\node_modules\\@npmcli\\run-script\\node_modules\\.which-39jw3RMZ'
67 silly reify }
68 silly audit bulk request {
68 silly audit   '@acemir/cssom': [ '0.9.31' ],
68 silly audit   '@algolia/abtesting': [ '1.12.2' ],
68 silly audit   '@algolia/client-abtesting': [ '5.46.2' ],
68 silly audit   '@algolia/client-analytics': [ '5.46.2' ],
68 silly audit   '@algolia/client-common': [ '5.46.2' ],
68 silly audit   '@algolia/client-insights': [ '5.46.2' ],
68 silly audit   '@algolia/client-personalization': [ '5.46.2' ],
68 silly audit   '@algolia/client-query-suggestions': [ '5.46.2' ],
68 silly audit   '@algolia/client-search': [ '5.46.2' ],
68 silly audit   '@algolia/ingestion': [ '1.46.2' ],
68 silly audit   '@algolia/monitoring': [ '1.46.2' ],
68 silly audit   '@algolia/recommend': [ '5.46.2' ],
68 silly audit   '@algolia/requester-browser-xhr': [ '5.46.2' ],
68 silly audit   '@algolia/requester-fetch': [ '5.46.2' ],
68 silly audit   '@algolia/requester-node-http': [ '5.46.2' ],
68 silly audit   '@alloc/quick-lru': [ '5.2.0' ],
68 silly audit   '@ampproject/remapping': [ '2.3.0' ],
68 silly audit   '@angular-devkit/architect': [ '0.2101.3' ],
68 silly audit   '@angular-devkit/core': [ '21.1.3' ],
68 silly audit   '@angular-devkit/schematics': [ '21.1.3' ],
68 silly audit   '@angular/build': [ '21.1.3' ],
68 silly audit   '@angular/cli': [ '21.1.3' ],
68 silly audit   '@angular/common': [ '21.1.3' ],
68 silly audit   '@angular/compiler': [ '21.1.3' ],
68 silly audit   '@angular/compiler-cli': [ '21.1.3' ],
68 silly audit   '@angular/core': [ '21.1.3' ],
68 silly audit   '@angular/forms': [ '21.1.3' ],
68 silly audit   '@angular/platform-browser': [ '21.1.3' ],
68 silly audit   '@angular/platform-server': [ '21.1.3' ],
68 silly audit   '@angular/router': [ '21.1.3' ],
68 silly audit   '@angular/ssr': [ '21.1.3' ],
68 silly audit   '@asamuzakjp/css-color': [ '4.1.2' ],
68 silly audit   'lru-cache': [ '11.2.6', '5.1.1' ],
68 silly audit   '@asamuzakjp/dom-selector': [ '6.7.8' ],
68 silly audit   '@asamuzakjp/nwsapi': [ '2.3.9' ],
68 silly audit   '@babel/code-frame': [ '7.29.0' ],
68 silly audit   '@babel/compat-data': [ '7.29.0' ],
68 silly audit   '@babel/core': [ '7.28.5' ],
68 silly audit   'convert-source-map': [ '2.0.0', '1.9.0' ],
68 silly audit   semver: [ '6.3.1', '7.7.3' ],
68 silly audit   '@babel/generator': [ '7.29.1' ],
68 silly audit   '@babel/helper-annotate-as-pure': [ '7.27.3' ],
68 silly audit   '@babel/helper-compilation-targets': [ '7.28.6' ],
68 silly audit   '@babel/helper-globals': [ '7.28.0' ],
68 silly audit   '@babel/helper-module-imports': [ '7.28.6' ],
68 silly audit   '@babel/helper-module-transforms': [ '7.28.6' ],
68 silly audit   '@babel/helper-split-export-declaration': [ '7.24.7' ],
68 silly audit   '@babel/helper-string-parser': [ '7.27.1' ],
68 silly audit   '@babel/helper-validator-identifier': [ '7.28.5' ],
68 silly audit   '@babel/helper-validator-option': [ '7.27.1' ],
68 silly audit   '@babel/helpers': [ '7.28.6' ],
68 silly audit   '@babel/parser': [ '7.29.0' ],
68 silly audit   '@babel/template': [ '7.28.6' ],
68 silly audit   '@babel/traverse': [ '7.29.0' ],
68 silly audit   '@babel/types': [ '7.29.0' ],
68 silly audit   '@csstools/color-helpers': [ '6.0.1' ],
68 silly audit   '@csstools/css-calc': [ '3.0.1' ],
68 silly audit   '@csstools/css-color-parser': [ '4.0.1' ],
68 silly audit   '@csstools/css-parser-algorithms': [ '4.0.0' ],
68 silly audit   '@csstools/css-syntax-patches-for-csstree': [ '1.0.27' ],
68 silly audit   '@csstools/css-tokenizer': [ '4.0.0' ],
68 silly audit   '@emnapi/core': [ '1.8.1' ],
68 silly audit   '@emnapi/runtime': [ '1.8.1' ],
68 silly audit   '@emnapi/wasi-threads': [ '1.1.0' ],
68 silly audit   '@esbuild/aix-ppc64': [ '0.27.2' ],
68 silly audit   '@esbuild/android-arm': [ '0.27.2' ],
68 silly audit   '@esbuild/android-arm64': [ '0.27.2' ],
68 silly audit   '@esbuild/android-x64': [ '0.27.2' ],
68 silly audit   '@esbuild/darwin-arm64': [ '0.27.2' ],
68 silly audit   '@esbuild/darwin-x64': [ '0.27.2' ],
68 silly audit   '@esbuild/freebsd-arm64': [ '0.27.2' ],
68 silly audit   '@esbuild/freebsd-x64': [ '0.27.2' ],
68 silly audit   '@esbuild/linux-arm': [ '0.27.2' ],
68 silly audit   '@esbuild/linux-arm64': [ '0.27.2' ],
68 silly audit   '@esbuild/linux-ia32': [ '0.27.2' ],
68 silly audit   '@esbuild/linux-loong64': [ '0.27.2' ],
68 silly audit   '@esbuild/linux-mips64el': [ '0.27.2' ],
68 silly audit   '@esbuild/linux-ppc64': [ '0.27.2' ],
68 silly audit   '@esbuild/linux-riscv64': [ '0.27.2' ],
68 silly audit   '@esbuild/linux-s390x': [ '0.27.2' ],
68 silly audit   '@esbuild/linux-x64': [ '0.27.2' ],
68 silly audit   '@esbuild/netbsd-arm64': [ '0.27.2' ],
68 silly audit   '@esbuild/netbsd-x64': [ '0.27.2' ],
68 silly audit   '@esbuild/openbsd-arm64': [ '0.27.2' ],
68 silly audit   '@esbuild/openbsd-x64': [ '0.27.2' ],
68 silly audit   '@esbuild/openharmony-arm64': [ '0.27.2' ],
68 silly audit   '@esbuild/sunos-x64': [ '0.27.2' ],
68 silly audit   '@esbuild/win32-arm64': [ '0.27.2' ],
68 silly audit   '@esbuild/win32-ia32': [ '0.27.2' ],
68 silly audit   '@esbuild/win32-x64': [ '0.27.2' ],
68 silly audit   '@exodus/bytes': [ '1.13.0' ],
68 silly audit   '@hono/node-server': [ '1.19.9' ],
68 silly audit   '@inquirer/ansi': [ '1.0.2' ],
68 silly audit   '@inquirer/checkbox': [ '4.3.2' ],
68 silly audit   '@inquirer/confirm': [ '5.1.21' ],
68 silly audit   '@inquirer/core': [ '10.3.2' ],
68 silly audit   '@inquirer/editor': [ '4.2.23' ],
68 silly audit   '@inquirer/expand': [ '4.0.23' ],
68 silly audit   '@inquirer/external-editor': [ '1.0.3' ],
68 silly audit   '@inquirer/figures': [ '1.0.15' ],
68 silly audit   '@inquirer/input': [ '4.3.1' ],
68 silly audit   '@inquirer/number': [ '3.0.23' ],
68 silly audit   '@inquirer/password': [ '4.0.23' ],
68 silly audit   '@inquirer/prompts': [ '7.10.1' ],
68 silly audit   '@inquirer/rawlist': [ '4.1.11' ],
68 silly audit   '@inquirer/search': [ '3.2.2' ],
68 silly audit   '@inquirer/select': [ '4.4.2' ],
68 silly audit   '@inquirer/type': [ '3.0.10' ],
68 silly audit   '@isaacs/balanced-match': [ '4.0.1' ],
68 silly audit   '@isaacs/brace-expansion': [ '5.0.1' ],
68 silly audit   '@isaacs/fs-minipass': [ '4.0.1' ],
68 silly audit   '@istanbuljs/schema': [ '0.1.3' ],
68 silly audit   '@jridgewell/gen-mapping': [ '0.3.13' ],
68 silly audit   '@jridgewell/remapping': [ '2.3.5' ],
68 silly audit   '@jridgewell/resolve-uri': [ '3.1.2' ],
68 silly audit   '@jridgewell/sourcemap-codec': [ '1.5.5' ],
68 silly audit   '@jridgewell/trace-mapping': [ '0.3.31' ],
68 silly audit   '@listr2/prompt-adapter-inquirer': [ '3.0.5' ],
68 silly audit   '@lmdb/lmdb-darwin-arm64': [ '3.4.4' ],
68 silly audit   '@lmdb/lmdb-darwin-x64': [ '3.4.4' ],
68 silly audit   '@lmdb/lmdb-linux-arm': [ '3.4.4' ],
68 silly audit   '@lmdb/lmdb-linux-arm64': [ '3.4.4' ],
68 silly audit   '@lmdb/lmdb-linux-x64': [ '3.4.4' ],
68 silly audit   '@lmdb/lmdb-win32-arm64': [ '3.4.4' ],
68 silly audit   '@lmdb/lmdb-win32-x64': [ '3.4.4' ],
68 silly audit   '@modelcontextprotocol/sdk': [ '1.26.0' ],
68 silly audit   '@msgpackr-extract/msgpackr-extract-darwin-arm64': [ '3.0.3' ],
68 silly audit   '@msgpackr-extract/msgpackr-extract-darwin-x64': [ '3.0.3' ],
68 silly audit   '@msgpackr-extract/msgpackr-extract-linux-arm': [ '3.0.3' ],
68 silly audit   '@msgpackr-extract/msgpackr-extract-linux-arm64': [ '3.0.3' ],
68 silly audit   '@msgpackr-extract/msgpackr-extract-linux-x64': [ '3.0.3' ],
68 silly audit   '@msgpackr-extract/msgpackr-extract-win32-x64': [ '3.0.3' ],
68 silly audit   '@napi-rs/nice': [ '1.1.1' ],
68 silly audit   '@napi-rs/nice-android-arm-eabi': [ '1.1.1' ],
68 silly audit   '@napi-rs/nice-android-arm64': [ '1.1.1' ],
68 silly audit   '@napi-rs/nice-darwin-arm64': [ '1.1.1' ],
68 silly audit   '@napi-rs/nice-darwin-x64': [ '1.1.1' ],
68 silly audit   '@napi-rs/nice-freebsd-x64': [ '1.1.1' ],
68 silly audit   '@napi-rs/nice-linux-arm-gnueabihf': [ '1.1.1' ],
68 silly audit   '@napi-rs/nice-linux-arm64-gnu': [ '1.1.1' ],
68 silly audit   '@napi-rs/nice-linux-arm64-musl': [ '1.1.1' ],
68 silly audit   '@napi-rs/nice-linux-ppc64-gnu': [ '1.1.1' ],
68 silly audit   '@napi-rs/nice-linux-riscv64-gnu': [ '1.1.1' ],
68 silly audit   '@napi-rs/nice-linux-s390x-gnu': [ '1.1.1' ],
68 silly audit   '@napi-rs/nice-linux-x64-gnu': [ '1.1.1' ],
68 silly audit   '@napi-rs/nice-linux-x64-musl': [ '1.1.1' ],
68 silly audit   '@napi-rs/nice-openharmony-arm64': [ '1.1.1' ],
68 silly audit   '@napi-rs/nice-win32-arm64-msvc': [ '1.1.1' ],
68 silly audit   '@napi-rs/nice-win32-ia32-msvc': [ '1.1.1' ],
68 silly audit   '@napi-rs/nice-win32-x64-msvc': [ '1.1.1' ],
68 silly audit   '@napi-rs/wasm-runtime': [ '1.1.1' ],
68 silly audit   '@nodelib/fs.scandir': [ '2.1.5' ],
68 silly audit   '@nodelib/fs.stat': [ '2.0.5' ],
68 silly audit   '@nodelib/fs.walk': [ '1.2.8' ],
68 silly audit   '@npmcli/agent': [ '4.0.0' ],
68 silly audit   '@npmcli/fs': [ '5.0.0' ],
68 silly audit   '@npmcli/git': [ '7.0.1' ],
68 silly audit   isexe: [ '4.0.0', '2.0.0' ],
68 silly audit   which: [ '6.0.1', '2.0.2' ],
68 silly audit   '@npmcli/installed-package-contents': [ '4.0.0' ],
68 silly audit   '@npmcli/node-gyp': [ '5.0.0' ],
68 silly audit   '@npmcli/package-json': [ '7.0.4' ],
68 silly audit   '@npmcli/promise-spawn': [ '9.0.1' ],
68 silly audit   '@npmcli/redact': [ '4.0.0' ],
68 silly audit   '@npmcli/run-script': [ '10.0.3' ],
68 silly audit   '@oxc-project/types': [ '0.106.0' ],
68 silly audit   '@parcel/watcher': [ '2.5.6' ],
68 silly audit   '@parcel/watcher-android-arm64': [ '2.5.6' ],
68 silly audit   '@parcel/watcher-darwin-arm64': [ '2.5.6' ],
68 silly audit   '@parcel/watcher-darwin-x64': [ '2.5.6' ],
68 silly audit   '@parcel/watcher-freebsd-x64': [ '2.5.6' ],
68 silly audit   '@parcel/watcher-linux-arm-glibc': [ '2.5.6' ],
68 silly audit   '@parcel/watcher-linux-arm-musl': [ '2.5.6' ],
68 silly audit   '@parcel/watcher-linux-arm64-glibc': [ '2.5.6' ],
68 silly audit   '@parcel/watcher-linux-arm64-musl': [ '2.5.6' ],
68 silly audit   '@parcel/watcher-linux-x64-glibc': [ '2.5.6' ],
68 silly audit   '@parcel/watcher-linux-x64-musl': [ '2.5.6' ],
68 silly audit   '@parcel/watcher-win32-arm64': [ '2.5.6' ],
68 silly audit   '@parcel/watcher-win32-ia32': [ '2.5.6' ],
68 silly audit   '@parcel/watcher-win32-x64': [ '2.5.6' ],
68 silly audit   'node-addon-api': [ '7.1.1', '6.1.0' ],
68 silly audit   '@rolldown/binding-android-arm64': [ '1.0.0-beta.58' ],
68 silly audit   '@rolldown/binding-darwin-arm64': [ '1.0.0-beta.58' ],
68 silly audit   '@rolldown/binding-darwin-x64': [ '1.0.0-beta.58' ],
68 silly audit   '@rolldown/binding-freebsd-x64': [ '1.0.0-beta.58' ],
68 silly audit   '@rolldown/binding-linux-arm-gnueabihf': [ '1.0.0-beta.58' ],
68 silly audit   '@rolldown/binding-linux-arm64-gnu': [ '1.0.0-beta.58' ],
68 silly audit   '@rolldown/binding-linux-arm64-musl': [ '1.0.0-beta.58' ],
68 silly audit   '@rolldown/binding-linux-x64-gnu': [ '1.0.0-beta.58' ],
68 silly audit   '@rolldown/binding-linux-x64-musl': [ '1.0.0-beta.58' ],
68 silly audit   '@rolldown/binding-openharmony-arm64': [ '1.0.0-beta.58' ],
68 silly audit   '@rolldown/binding-wasm32-wasi': [ '1.0.0-beta.58' ],
68 silly audit   '@rolldown/binding-win32-arm64-msvc': [ '1.0.0-beta.58' ],
68 silly audit   '@rolldown/binding-win32-x64-msvc': [ '1.0.0-beta.58' ],
68 silly audit   '@rolldown/pluginutils': [ '1.0.0-beta.58' ],
68 silly audit   '@rollup/rollup-android-arm-eabi': [ '4.57.1' ],
68 silly audit   '@rollup/rollup-android-arm64': [ '4.57.1' ],
68 silly audit   '@rollup/rollup-darwin-arm64': [ '4.57.1' ],
68 silly audit   '@rollup/rollup-darwin-x64': [ '4.57.1' ],
68 silly audit   '@rollup/rollup-freebsd-arm64': [ '4.57.1' ],
68 silly audit   '@rollup/rollup-freebsd-x64': [ '4.57.1' ],
68 silly audit   '@rollup/rollup-linux-arm-gnueabihf': [ '4.57.1' ],
68 silly audit   '@rollup/rollup-linux-arm-musleabihf': [ '4.57.1' ],
68 silly audit   '@rollup/rollup-linux-arm64-gnu': [ '4.57.1' ],
68 silly audit   '@rollup/rollup-linux-arm64-musl': [ '4.57.1' ],
68 silly audit   '@rollup/rollup-linux-loong64-gnu': [ '4.57.1' ],
68 silly audit   '@rollup/rollup-linux-loong64-musl': [ '4.57.1' ],
68 silly audit   '@rollup/rollup-linux-ppc64-gnu': [ '4.57.1' ],
68 silly audit   '@rollup/rollup-linux-ppc64-musl': [ '4.57.1' ],
68 silly audit   '@rollup/rollup-linux-riscv64-gnu': [ '4.57.1' ],
68 silly audit   '@rollup/rollup-linux-riscv64-musl': [ '4.57.1' ],
68 silly audit   '@rollup/rollup-linux-s390x-gnu': [ '4.57.1' ],
68 silly audit   '@rollup/rollup-linux-x64-gnu': [ '4.57.1' ],
68 silly audit   '@rollup/rollup-linux-x64-musl': [ '4.57.1' ],
68 silly audit   '@rollup/rollup-openbsd-x64': [ '4.57.1' ],
68 silly audit   '@rollup/rollup-openharmony-arm64': [ '4.57.1' ],
68 silly audit   '@rollup/rollup-win32-arm64-msvc': [ '4.57.1' ],
68 silly audit   '@rollup/rollup-win32-ia32-msvc': [ '4.57.1' ],
68 silly audit   '@rollup/rollup-win32-x64-gnu': [ '4.57.1' ],
68 silly audit   '@rollup/rollup-win32-x64-msvc': [ '4.57.1' ],
68 silly audit   '@schematics/angular': [ '21.1.3' ],
68 silly audit   '@sigstore/bundle': [ '4.0.0' ],
68 silly audit   '@sigstore/core': [ '3.1.0' ],
68 silly audit   '@sigstore/protobuf-specs': [ '0.5.0' ],
68 silly audit   '@sigstore/sign': [ '4.1.0' ],
68 silly audit   '@sigstore/tuf': [ '4.0.1' ],
68 silly audit   '@sigstore/verify': [ '3.1.0' ],
68 silly audit   '@standard-schema/spec': [ '1.1.0' ],
68 silly audit   '@stomp/stompjs': [ '7.3.0' ],
68 silly audit   '@tailwindcss/node': [ '4.1.18' ],
68 silly audit   tailwindcss: [ '4.1.18', '3.4.19' ],
68 silly audit   '@tailwindcss/oxide': [ '4.1.18' ],
68 silly audit   '@tailwindcss/oxide-android-arm64': [ '4.1.18' ],
68 silly audit   '@tailwindcss/oxide-darwin-arm64': [ '4.1.18' ],
68 silly audit   '@tailwindcss/oxide-darwin-x64': [ '4.1.18' ],
68 silly audit   '@tailwindcss/oxide-freebsd-x64': [ '4.1.18' ],
68 silly audit   '@tailwindcss/oxide-linux-arm-gnueabihf': [ '4.1.18' ],
68 silly audit   '@tailwindcss/oxide-linux-arm64-gnu': [ '4.1.18' ],
68 silly audit   '@tailwindcss/oxide-linux-arm64-musl': [ '4.1.18' ],
68 silly audit   '@tailwindcss/oxide-linux-x64-gnu': [ '4.1.18' ],
68 silly audit   '@tailwindcss/oxide-linux-x64-musl': [ '4.1.18' ],
68 silly audit   '@tailwindcss/oxide-wasm32-wasi': [ '4.1.18' ],
68 silly audit   '@tailwindcss/oxide-win32-arm64-msvc': [ '4.1.18' ],
68 silly audit   '@tailwindcss/oxide-win32-x64-msvc': [ '4.1.18' ],
68 silly audit   '@tailwindcss/postcss': [ '4.1.18' ],
68 silly audit   '@tufjs/canonical-json': [ '2.0.0' ],
68 silly audit   '@tufjs/models': [ '4.1.0' ],
68 silly audit   '@tybys/wasm-util': [ '0.10.1' ],
68 silly audit   '@types/body-parser': [ '1.19.6' ],
68 silly audit   '@types/chai': [ '5.2.3' ],
68 silly audit   '@types/connect': [ '3.4.38' ],
68 silly audit   '@types/deep-eql': [ '4.0.2' ],
68 silly audit   '@types/estree': [ '1.0.8' ],
68 silly audit   '@types/express': [ '5.0.6' ],
68 silly audit   '@types/express-serve-static-core': [ '5.1.1' ],
68 silly audit   '@types/geojson': [ '7946.0.16' ],
68 silly audit   '@types/http-errors': [ '2.0.5' ],
68 silly audit   '@types/leaflet': [ '1.9.21' ],
68 silly audit   '@types/node': [ '20.19.33' ],
68 silly audit   '@types/qs': [ '6.14.0' ],
68 silly audit   '@types/range-parser': [ '1.2.7' ],
68 silly audit   '@types/send': [ '1.2.1' ],
68 silly audit   '@types/serve-static': [ '2.2.0' ],
68 silly audit   '@types/sockjs-client': [ '1.5.4' ],
68 silly audit   '@vitejs/plugin-basic-ssl': [ '2.1.0' ],
68 silly audit   '@vitest/expect': [ '4.0.18' ],
68 silly audit   '@vitest/mocker': [ '4.0.18' ],
68 silly audit   '@vitest/pretty-format': [ '4.0.18' ],
68 silly audit   '@vitest/runner': [ '4.0.18' ],
68 silly audit   '@vitest/snapshot': [ '4.0.18' ],
68 silly audit   '@vitest/spy': [ '4.0.18' ],
68 silly audit   '@vitest/utils': [ '4.0.18' ],
68 silly audit   '@yarnpkg/lockfile': [ '1.1.0' ],
68 silly audit   abbrev: [ '4.0.0' ],
68 silly audit   accepts: [ '2.0.0' ],
68 silly audit   'agent-base': [ '7.1.4' ],
68 silly audit   ajv: [ '8.17.1' ],
68 silly audit   'ajv-formats': [ '3.0.1' ],
68 silly audit   algoliasearch: [ '5.46.2' ],
68 silly audit   'ansi-escapes': [ '7.3.0' ],
68 silly audit   'ansi-regex': [ '6.2.2', '5.0.1' ],
68 silly audit   'ansi-styles': [ '6.2.3', '4.3.0' ],
68 silly audit   'any-promise': [ '1.3.0' ],
68 silly audit   anymatch: [ '3.1.3' ],
68 silly audit   picomatch: [ '2.3.1', '4.0.3' ],
68 silly audit   arg: [ '5.0.2' ],
68 silly audit   'assertion-error': [ '2.0.1' ],
68 silly audit   autoprefixer: [ '10.4.24' ],
68 silly audit   'baseline-browser-mapping': [ '2.9.19' ],
68 silly audit   beasties: [ '0.3.5' ],
68 silly audit   'bidi-js': [ '1.0.3' ],
68 silly audit   'binary-extensions': [ '2.3.0' ],
68 silly audit   'body-parser': [ '2.2.2' ],
68 silly audit   boolbase: [ '1.0.0' ],
68 silly audit   braces: [ '3.0.3' ],
68 silly audit   browserslist: [ '4.28.1' ],
68 silly audit   'buffer-from': [ '1.1.2' ],
68 silly audit   bytes: [ '3.1.2' ],
68 silly audit   cacache: [ '20.0.3' ],
68 silly audit   'call-bind-apply-helpers': [ '1.0.2' ],
68 silly audit   'call-bound': [ '1.0.4' ],
68 silly audit   'camelcase-css': [ '2.0.1' ],
68 silly audit   'caniuse-lite': [ '1.0.30001769' ],
68 silly audit   chai: [ '6.2.2' ],
68 silly audit   chalk: [ '5.6.2' ],
68 silly audit   chardet: [ '2.1.1' ],
68 silly audit   chokidar: [ '5.0.0', '4.0.3', '3.6.0' ],
68 silly audit   chownr: [ '3.0.0' ],
68 silly audit   'cli-cursor': [ '5.0.0' ],
68 silly audit   'cli-spinners': [ '3.4.0' ],
68 silly audit   'cli-truncate': [ '5.1.1' ],
68 silly audit   'cli-width': [ '4.1.0' ],
68 silly audit   cliui: [ '9.0.1' ],
68 silly audit   'string-width': [ '7.2.0', '8.1.1', '4.2.3' ],
68 silly audit   'wrap-ansi': [ '9.0.2', '6.2.0' ],
68 silly audit   'color-convert': [ '2.0.1' ],
68 silly audit   'color-name': [ '1.1.4' ],
68 silly audit   colorette: [ '2.0.20' ],
68 silly audit   commander: [ '4.1.1' ],
68 silly audit   'content-disposition': [ '1.0.1' ],
68 silly audit   'content-type': [ '1.0.5' ],
68 silly audit   cookie: [ '0.7.2' ],
68 silly audit   'cookie-signature': [ '1.2.2' ],
68 silly audit   cors: [ '2.8.6' ],
68 silly audit   'cross-spawn': [ '7.0.6' ],
68 silly audit   'css-select': [ '6.0.0' ],
68 silly audit   'css-tree': [ '3.1.0' ],
68 silly audit   'css-what': [ '7.0.0' ],
68 silly audit   cssesc: [ '3.0.0' ],
68 silly audit   cssstyle: [ '5.3.7' ],
68 silly audit   'data-urls': [ '6.0.1' ],
68 silly audit   'whatwg-mimetype': [ '5.0.0', '4.0.0' ],
68 silly audit   debug: [ '4.4.3', '3.2.7' ],
68 silly audit   'decimal.js': [ '10.6.0' ],
68 silly audit   depd: [ '2.0.0' ],
68 silly audit   'detect-libc': [ '2.1.2' ],
68 silly audit   didyoumean: [ '1.2.2' ],
68 silly audit   dlv: [ '1.1.3' ],
68 silly audit   'dom-serializer': [ '2.0.0' ],
68 silly audit   domelementtype: [ '2.3.0' ],
68 silly audit   domhandler: [ '5.0.3' ],
68 silly audit   domutils: [ '3.2.2' ],
68 silly audit   'dunder-proto': [ '1.0.1' ],
68 silly audit   'ee-first': [ '1.1.1' ],
68 silly audit   'electron-to-chromium': [ '1.5.286' ],
68 silly audit   'emoji-regex': [ '10.6.0', '8.0.0' ],
68 silly audit   encodeurl: [ '2.0.0' ],
68 silly audit   encoding: [ '0.1.13' ],
68 silly audit   'iconv-lite': [ '0.6.3', '0.7.2' ],
68 silly audit   'enhanced-resolve': [ '5.19.0' ],
68 silly audit   entities: [ '4.5.0', '7.0.1', '6.0.1' ],
68 silly audit   'env-paths': [ '2.2.1' ],
68 silly audit   environment: [ '1.1.0' ],
68 silly audit   'err-code': [ '2.0.3' ],
68 silly audit   'es-define-property': [ '1.0.1' ],
68 silly audit   'es-errors': [ '1.3.0' ],
68 silly audit   'es-module-lexer': [ '1.7.0' ],
68 silly audit   'es-object-atoms': [ '1.1.1' ],
68 silly audit   esbuild: [ '0.27.2' ],
68 silly audit   escalade: [ '3.2.0' ],
68 silly audit   'escape-html': [ '1.0.3' ],
68 silly audit   'estree-walker': [ '3.0.3' ],
68 silly audit   etag: [ '1.8.1' ],
68 silly audit   eventemitter3: [ '5.0.4' ],
68 silly audit   eventsource: [ '3.0.7', '2.0.2' ],
68 silly audit   'eventsource-parser': [ '3.0.6' ],
68 silly audit   'expect-type': [ '1.3.0' ],
68 silly audit   'exponential-backoff': [ '3.1.3' ],
68 silly audit   express: [ '5.2.1' ],
68 silly audit   'express-rate-limit': [ '8.2.1' ],
68 silly audit   'fast-deep-equal': [ '3.1.3' ],
68 silly audit   'fast-glob': [ '3.3.3' ],
68 silly audit   'glob-parent': [ '5.1.2', '6.0.2' ],
68 silly audit   'fast-uri': [ '3.1.0' ],
68 silly audit   fastq: [ '1.20.1' ],
68 silly audit   'faye-websocket': [ '0.11.4' ],
68 silly audit   fdir: [ '6.5.0' ],
68 silly audit   'fill-range': [ '7.1.1' ],
68 silly audit   finalhandler: [ '2.1.1' ],
68 silly audit   forwarded: [ '0.2.0' ],
68 silly audit   'fraction.js': [ '5.3.4' ],
68 silly audit   fresh: [ '2.0.0' ],
68 silly audit   'fs-minipass': [ '3.0.3' ],
68 silly audit   fsevents: [ '2.3.3' ],
68 silly audit   'function-bind': [ '1.1.2' ],
68 silly audit   gensync: [ '1.0.0-beta.2' ],
68 silly audit   'get-caller-file': [ '2.0.5' ],
68 silly audit   'get-east-asian-width': [ '1.4.0' ],
68 silly audit   'get-intrinsic': [ '1.3.0' ],
68 silly audit   'get-proto': [ '1.0.1' ],
68 silly audit   glob: [ '13.0.2' ],
68 silly audit   'glob-to-regexp': [ '0.4.1' ],
68 silly audit   gopd: [ '1.2.0' ],
68 silly audit   'graceful-fs': [ '4.2.11' ],
68 silly audit   'has-symbols': [ '1.1.0' ],
68 silly audit   hasown: [ '2.0.2' ],
68 silly audit   hono: [ '4.11.9' ],
68 silly audit   'hosted-git-info': [ '9.0.2' ],
68 silly audit   'html-encoding-sniffer': [ '6.0.0' ],
68 silly audit   htmlparser2: [ '10.1.0' ],
68 silly audit   'http-cache-semantics': [ '4.2.0' ],
68 silly audit   'http-errors': [ '2.0.1' ],
68 silly audit   'http-parser-js': [ '0.5.10' ],
68 silly audit   'http-proxy-agent': [ '7.0.2' ],
68 silly audit   'https-proxy-agent': [ '7.0.6' ],
68 silly audit   'ignore-walk': [ '8.0.0' ],
68 silly audit   immutable: [ '5.1.4' ],
68 silly audit   imurmurhash: [ '0.1.4' ],
68 silly audit   inherits: [ '2.0.4' ],
68 silly audit   ini: [ '6.0.0' ],
68 silly audit   'ip-address': [ '10.0.1' ],
68 silly audit   'ipaddr.js': [ '1.9.1' ],
68 silly audit   'is-binary-path': [ '2.1.0' ],
68 silly audit   'is-core-module': [ '2.16.1' ],
68 silly audit   'is-extglob': [ '2.1.1' ],
68 silly audit   'is-fullwidth-code-point': [ '5.1.0', '3.0.0' ],
68 silly audit   'is-glob': [ '4.0.3' ],
68 silly audit   'is-interactive': [ '2.0.0' ],
68 silly audit   'is-number': [ '7.0.0' ],
68 silly audit   'is-potential-custom-element-name': [ '1.0.1' ],
68 silly audit   'is-promise': [ '4.0.0' ],
68 silly audit   'is-unicode-supported': [ '2.1.0' ],
68 silly audit   'istanbul-lib-coverage': [ '3.2.2' ],
68 silly audit   'istanbul-lib-instrument': [ '6.0.3' ],
68 silly audit   jiti: [ '2.6.1', '1.21.7' ],
68 silly audit   jose: [ '6.1.3' ],
68 silly audit   'js-tokens': [ '4.0.0' ],
68 silly audit   jsdom: [ '27.4.0' ],
68 silly audit   jsesc: [ '3.1.0' ],
68 silly audit   'json-parse-even-better-errors': [ '5.0.0' ],
68 silly audit   'json-schema-traverse': [ '1.0.0' ],
68 silly audit   'json-schema-typed': [ '8.0.2' ],
68 silly audit   json5: [ '2.2.3' ],
68 silly audit   'jsonc-parser': [ '3.3.1' ],
68 silly audit   jsonparse: [ '1.3.1' ],
68 silly audit   leaflet: [ '1.9.4' ],
68 silly audit   lightningcss: [ '1.30.2' ],
68 silly audit   'lightningcss-android-arm64': [ '1.30.2' ],
68 silly audit   'lightningcss-darwin-arm64': [ '1.30.2' ],
68 silly audit   'lightningcss-darwin-x64': [ '1.30.2' ],
68 silly audit   'lightningcss-freebsd-x64': [ '1.30.2' ],
68 silly audit   'lightningcss-linux-arm-gnueabihf': [ '1.30.2' ],
68 silly audit   'lightningcss-linux-arm64-gnu': [ '1.30.2' ],
68 silly audit   'lightningcss-linux-arm64-musl': [ '1.30.2' ],
68 silly audit   'lightningcss-linux-x64-gnu': [ '1.30.2' ],
68 silly audit   'lightningcss-linux-x64-musl': [ '1.30.2' ],
68 silly audit   'lightningcss-win32-arm64-msvc': [ '1.30.2' ],
68 silly audit   'lightningcss-win32-x64-msvc': [ '1.30.2' ],
68 silly audit   lilconfig: [ '3.1.3' ],
68 silly audit   'lines-and-columns': [ '1.2.4' ],
68 silly audit   listr2: [ '9.0.5' ],
68 silly audit   lmdb: [ '3.4.4' ],
68 silly audit   'log-symbols': [ '7.0.1' ],
68 silly audit   'log-update': [ '6.1.0' ],
68 silly audit   'lucide-angular': [ '0.563.0' ],
68 silly audit   'magic-string': [ '0.30.21' ],
68 silly audit   'make-fetch-happen': [ '15.0.3' ],
68 silly audit   'math-intrinsics': [ '1.1.0' ],
68 silly audit   'mdn-data': [ '2.12.2' ],
68 silly audit   'media-typer': [ '1.1.0' ],
68 silly audit   'merge-descriptors': [ '2.0.0' ],
68 silly audit   merge2: [ '1.4.1' ],
68 silly audit   micromatch: [ '4.0.8' ],
68 silly audit   'mime-db': [ '1.54.0' ],
68 silly audit   'mime-types': [ '3.0.2' ],
68 silly audit   'mimic-function': [ '5.0.1' ],
68 silly audit   minimatch: [ '10.1.2' ],
68 silly audit   minipass: [ '7.1.2', '3.3.6' ],
68 silly audit   'minipass-collect': [ '2.0.1' ],
68 silly audit   'minipass-fetch': [ '5.0.1' ],
68 silly audit   'minipass-flush': [ '1.0.5' ],
68 silly audit   yallist: [ '4.0.0', '5.0.0', '3.1.1' ],
68 silly audit   'minipass-pipeline': [ '1.2.4' ],
68 silly audit   'minipass-sized': [ '2.0.0' ],
68 silly audit   minizlib: [ '3.1.0' ],
68 silly audit   mrmime: [ '2.0.1' ],
68 silly audit   ms: [ '2.1.3' ],
68 silly audit   msgpackr: [ '1.11.8' ],
68 silly audit   'msgpackr-extract': [ '3.0.3' ],
68 silly audit   'mute-stream': [ '2.0.0' ],
68 silly audit   mz: [ '2.7.0' ],
68 silly audit   nanoid: [ '3.3.11' ],
68 silly audit   negotiator: [ '1.0.0' ],
68 silly audit   'node-gyp': [ '12.2.0' ],
68 silly audit   'node-gyp-build-optional-packages': [ '5.2.2' ],
68 silly audit   'node-releases': [ '2.0.27' ],
68 silly audit   nopt: [ '9.0.0' ],
68 silly audit   'normalize-path': [ '3.0.0' ],
68 silly audit   'npm-bundled': [ '5.0.0' ],
68 silly audit   'npm-install-checks': [ '8.0.0' ],
68 silly audit   'npm-normalize-package-bin': [ '5.0.0' ],
68 silly audit   'npm-package-arg': [ '13.0.2' ],
68 silly audit   'npm-packlist': [ '10.0.3' ],
68 silly audit   'npm-pick-manifest': [ '11.0.3' ],
68 silly audit   'npm-registry-fetch': [ '19.1.1' ],
68 silly audit   'nth-check': [ '2.1.1' ],
68 silly audit   'object-assign': [ '4.1.1' ],
68 silly audit   'object-hash': [ '3.0.0' ],
68 silly audit   'object-inspect': [ '1.13.4' ],
68 silly audit   obug: [ '2.1.1' ],
68 silly audit   'on-finished': [ '2.4.1' ],
68 silly audit   once: [ '1.4.0' ],
68 silly audit   onetime: [ '7.0.0' ],
68 silly audit   ora: [ '9.0.0' ],
68 silly audit   'ordered-binary': [ '1.6.1' ],
68 silly audit   'p-map': [ '7.0.4' ],
68 silly audit   pacote: [ '21.0.4' ],
68 silly audit   parse5: [ '8.0.0' ],
68 silly audit   'parse5-html-rewriting-stream': [ '8.0.0' ],
68 silly audit   'parse5-sax-parser': [ '8.0.0' ],
68 silly audit   parseurl: [ '1.3.3' ],
68 silly audit   'path-key': [ '3.1.1' ],
68 silly audit   'path-parse': [ '1.0.7' ],
68 silly audit   'path-scurry': [ '2.0.1' ],
68 silly audit   'path-to-regexp': [ '8.3.0' ],
68 silly audit   pathe: [ '2.0.3' ],
68 silly audit   picocolors: [ '1.1.1' ],
68 silly audit   pify: [ '2.3.0' ],
68 silly audit   pirates: [ '4.0.7' ],
68 silly audit   piscina: [ '5.1.4' ],
68 silly audit   'pkce-challenge': [ '5.0.1' ],
68 silly audit   postcss: [ '8.5.6' ],
68 silly audit   'postcss-import': [ '15.1.0' ],
68 silly audit   'postcss-js': [ '4.1.0' ],
68 silly audit   'postcss-load-config': [ '6.0.1' ],
68 silly audit   'postcss-media-query-parser': [ '0.2.3' ],
68 silly audit   'postcss-nested': [ '6.2.0' ],
68 silly audit   'postcss-selector-parser': [ '6.1.2' ],
68 silly audit   'postcss-value-parser': [ '4.2.0' ],
68 silly audit   'proc-log': [ '6.1.0' ],
68 silly audit   'promise-retry': [ '2.0.1' ],
68 silly audit   'proxy-addr': [ '2.0.7' ],
68 silly audit   punycode: [ '2.3.1' ],
68 silly audit   qs: [ '6.14.1' ],
68 silly audit   querystringify: [ '2.2.0' ],
68 silly audit   'queue-microtask': [ '1.2.3' ],
68 silly audit   'range-parser': [ '1.2.1' ],
68 silly audit   'raw-body': [ '3.0.2' ],
68 silly audit   'read-cache': [ '1.0.0' ],
68 silly audit   readdirp: [ '5.0.0', '4.1.2', '3.6.0' ],
68 silly audit   'reflect-metadata': [ '0.2.2' ],
68 silly audit   'require-from-string': [ '2.0.2' ],
68 silly audit   'requires-port': [ '1.0.0' ],
68 silly audit   resolve: [ '1.22.11' ],
68 silly audit   'restore-cursor': [ '5.1.0' ],
68 silly audit   retry: [ '0.12.0' ],
68 silly audit   reusify: [ '1.1.0' ],
68 silly audit   rfdc: [ '1.4.1' ],
68 silly audit   rolldown: [ '1.0.0-beta.58' ],
68 silly audit   rollup: [ '4.57.1' ],
68 silly audit   router: [ '2.2.0' ],
68 silly audit   'run-parallel': [ '1.2.0' ],
68 silly audit   rxjs: [ '7.8.2' ],
68 silly audit   'safe-buffer': [ '5.2.1' ],
68 silly audit   'safer-buffer': [ '2.1.2' ],
68 silly audit   sass: [ '1.97.1' ],
68 silly audit   saxes: [ '6.0.0' ],
68 silly audit   send: [ '1.2.1' ],
68 silly audit   'serve-static': [ '2.2.1' ],
68 silly audit   setprototypeof: [ '1.2.0' ],
68 silly audit   'shebang-command': [ '2.0.0' ],
68 silly audit   'shebang-regex': [ '3.0.0' ],
68 silly audit   'side-channel': [ '1.1.0' ],
68 silly audit   'side-channel-list': [ '1.0.0' ],
68 silly audit   'side-channel-map': [ '1.0.1' ],
68 silly audit   'side-channel-weakmap': [ '1.0.2' ],
68 silly audit   siginfo: [ '2.0.0' ],
68 silly audit   'signal-exit': [ '4.1.0' ],
68 silly audit   sigstore: [ '4.1.0' ],
68 silly audit   'slice-ansi': [ '7.1.2' ],
68 silly audit   'smart-buffer': [ '4.2.0' ],
68 silly audit   'sockjs-client': [ '1.6.1' ],
68 silly audit   socks: [ '2.8.7' ],
68 silly audit   'socks-proxy-agent': [ '8.0.5' ],
68 silly audit   'source-map': [ '0.7.6', '0.6.1' ],
68 silly audit   'source-map-js': [ '1.2.1' ],
68 silly audit   'source-map-support': [ '0.5.21' ],
68 silly audit   'spdx-correct': [ '3.2.0' ],
68 silly audit   'spdx-exceptions': [ '2.5.0' ],
68 silly audit   'spdx-expression-parse': [ '3.0.1' ],
68 silly audit   'spdx-license-ids': [ '3.0.22' ],
68 silly audit   ssri: [ '13.0.1' ],
68 silly audit   stackback: [ '0.0.2' ],
68 silly audit   statuses: [ '2.0.2' ],
68 silly audit   'std-env': [ '3.10.0' ],
68 silly audit   'stdin-discarder': [ '0.2.2' ],
68 silly audit   'strip-ansi': [ '7.1.2', '6.0.1' ],
68 silly audit   sucrase: [ '3.35.1' ],
68 silly audit   'supports-preserve-symlinks-flag': [ '1.0.0' ],
68 silly audit   'symbol-tree': [ '3.2.4' ],
68 silly audit   tapable: [ '2.3.0' ],
68 silly audit   tar: [ '7.5.7' ],
68 silly audit   thenify: [ '3.3.1' ],
68 silly audit   'thenify-all': [ '1.6.0' ],
68 silly audit   tinybench: [ '2.9.0' ],
68 silly audit   tinyexec: [ '1.0.2' ],
68 silly audit   tinyglobby: [ '0.2.15' ],
68 silly audit   tinyrainbow: [ '3.0.3' ],
68 silly audit   tldts: [ '7.0.23' ],
68 silly audit   'tldts-core': [ '7.0.23' ],
68 silly audit   'to-regex-range': [ '5.0.1' ],
68 silly audit   toidentifier: [ '1.0.1' ],
68 silly audit   'tough-cookie': [ '6.0.0' ],
68 silly audit   tr46: [ '6.0.0' ],
68 silly audit   'ts-interface-checker': [ '0.1.13' ],
68 silly audit   tslib: [ '2.8.1' ],
68 silly audit   'tuf-js': [ '4.1.0' ],
68 silly audit   'type-is': [ '2.0.1' ],
68 silly audit   typescript: [ '5.9.3' ],
68 silly audit   undici: [ '7.20.0' ],
68 silly audit   'undici-types': [ '6.21.0' ],
68 silly audit   'unique-filename': [ '5.0.0' ],
68 silly audit   'unique-slug': [ '6.0.0' ],
68 silly audit   unpipe: [ '1.0.0' ],
68 silly audit   'update-browserslist-db': [ '1.2.3' ],
68 silly audit   'url-parse': [ '1.5.10' ],
68 silly audit   'util-deprecate': [ '1.0.2' ],
68 silly audit   'validate-npm-package-license': [ '3.0.4' ],
68 silly audit   'validate-npm-package-name': [ '7.0.2' ],
68 silly audit   vary: [ '1.1.2' ],
68 silly audit   vite: [ '7.3.0' ],
68 silly audit   vitest: [ '4.0.18' ],
68 silly audit   'w3c-xmlserializer': [ '5.0.0' ],
68 silly audit   watchpack: [ '2.5.0' ],
68 silly audit   'weak-lru-cache': [ '1.2.2' ],
68 silly audit   'webidl-conversions': [ '8.0.1' ],
68 silly audit   'websocket-driver': [ '0.7.4' ],
68 silly audit   'websocket-extensions': [ '0.1.4' ],
68 silly audit   'whatwg-url': [ '15.1.0' ],
68 silly audit   'why-is-node-running': [ '2.3.0' ],
68 silly audit   wrappy: [ '1.0.2' ],
68 silly audit   ws: [ '8.19.0' ],
68 silly audit   xhr2: [ '0.2.1' ],
68 silly audit   'xml-name-validator': [ '5.0.0' ],
68 silly audit   xmlchars: [ '2.2.0' ],
68 silly audit   y18n: [ '5.0.8' ],
68 silly audit   yargs: [ '18.0.0' ],
68 silly audit   'yargs-parser': [ '22.0.0' ],
68 silly audit   yoctocolors: [ '2.1.2' ],
68 silly audit   'yoctocolors-cjs': [ '2.1.3' ],
68 silly audit   zod: [ '4.3.5' ],
68 silly audit   'zod-to-json-schema': [ '3.25.1' ],
68 silly audit   'zone.js': [ '0.15.1' ]
68 silly audit }
69 http cache @types/sockjs-client@https://registry.npmjs.org/@types/sockjs-client/-/sockjs-client-1.5.4.tgz 1ms (cache hit)
70 http cache @types/leaflet@https://registry.npmjs.org/@types/leaflet/-/leaflet-1.9.21.tgz 0ms (cache hit)
71 http cache @types/geojson@https://registry.npmjs.org/@types/geojson/-/geojson-7946.0.16.tgz 0ms (cache hit)
72 http cache @stomp/stompjs@https://registry.npmjs.org/@stomp/stompjs/-/stompjs-7.3.0.tgz 0ms (cache hit)
73 http cache @babel/parser@https://registry.npmjs.org/@babel/parser/-/parser-7.29.0.tgz 0ms (cache hit)
74 http cache @npmcli/installed-package-contents@https://registry.npmjs.org/@npmcli/installed-package-contents/-/installed-package-contents-4.0.0.tgz 0ms (cache hit)
75 http cache @angular-devkit/architect@https://registry.npmjs.org/@angular-devkit/architect/-/architect-0.2101.3.tgz 0ms (cache hit)
76 http cache @angular/compiler-cli@https://registry.npmjs.org/@angular/compiler-cli/-/compiler-cli-21.1.3.tgz 0ms (cache hit)
77 http cache @angular/cli@https://registry.npmjs.org/@angular/cli/-/cli-21.1.3.tgz 0ms (cache hit)
78 http cache which@https://registry.npmjs.org/which/-/which-2.0.2.tgz 0ms (cache hit)
79 http cache why-is-node-running@https://registry.npmjs.org/why-is-node-running/-/why-is-node-running-2.3.0.tgz 0ms (cache hit)
80 http cache websocket-driver@https://registry.npmjs.org/websocket-driver/-/websocket-driver-0.7.4.tgz 0ms (cache hit)
81 http cache websocket-extensions@https://registry.npmjs.org/websocket-extensions/-/websocket-extensions-0.1.4.tgz 0ms (cache hit)
82 http cache vitest@https://registry.npmjs.org/vitest/-/vitest-4.0.18.tgz 0ms (cache hit)
83 http cache vite@https://registry.npmjs.org/vite/-/vite-7.3.0.tgz 0ms (cache hit)
84 http cache url-parse@https://registry.npmjs.org/url-parse/-/url-parse-1.5.10.tgz 0ms (cache hit)
85 http cache update-browserslist-db@https://registry.npmjs.org/update-browserslist-db/-/update-browserslist-db-1.2.3.tgz 0ms (cache hit)
86 http cache typescript@https://registry.npmjs.org/typescript/-/typescript-5.9.3.tgz 0ms (cache hit)
87 http cache sucrase@https://registry.npmjs.org/sucrase/-/sucrase-3.35.1.tgz 0ms (cache hit)
88 http cache tldts@https://registry.npmjs.org/tldts/-/tldts-7.0.23.tgz 0ms (cache hit)
89 http cache tailwindcss@https://registry.npmjs.org/tailwindcss/-/tailwindcss-3.4.19.tgz 0ms (cache hit)
90 http cache sockjs-client@https://registry.npmjs.org/sockjs-client/-/sockjs-client-1.6.1.tgz 0ms (cache hit)
91 http cache semver@https://registry.npmjs.org/semver/-/semver-7.7.3.tgz 0ms (cache hit)
92 http cache sass@https://registry.npmjs.org/sass/-/sass-1.97.1.tgz 0ms (cache hit)
93 http cache rollup@https://registry.npmjs.org/rollup/-/rollup-4.57.1.tgz 0ms (cache hit)
94 http cache rolldown@https://registry.npmjs.org/rolldown/-/rolldown-1.0.0-beta.58.tgz 0ms (cache hit)
95 http cache safe-buffer@https://registry.npmjs.org/safe-buffer/-/safe-buffer-5.2.1.tgz 0ms (cache hit)
96 http cache resolve@https://registry.npmjs.org/resolve/-/resolve-1.22.11.tgz 0ms (cache hit)
97 http cache requires-port@https://registry.npmjs.org/requires-port/-/requires-port-1.0.0.tgz 0ms (cache hit)
98 http cache querystringify@https://registry.npmjs.org/querystringify/-/querystringify-2.2.0.tgz 0ms (cache hit)
99 http cache pacote@https://registry.npmjs.org/pacote/-/pacote-21.0.4.tgz 0ms (cache hit)
100 http cache node-gyp-build-optional-packages@https://registry.npmjs.org/node-gyp-build-optional-packages/-/node-gyp-build-optional-packages-5.2.2.tgz 0ms (cache hit)
101 http cache node-gyp@https://registry.npmjs.org/node-gyp/-/node-gyp-12.2.0.tgz 0ms (cache hit)
102 http cache nopt@https://registry.npmjs.org/nopt/-/nopt-9.0.0.tgz 0ms (cache hit)
103 http cache nanoid@https://registry.npmjs.org/nanoid/-/nanoid-3.3.11.tgz 0ms (cache hit)
104 http cache msgpackr-extract@https://registry.npmjs.org/msgpackr-extract/-/msgpackr-extract-3.0.3.tgz 0ms (cache hit)
105 http cache lmdb@https://registry.npmjs.org/lmdb/-/lmdb-3.4.4.tgz 0ms (cache hit)
106 http cache leaflet@https://registry.npmjs.org/leaflet/-/leaflet-1.9.4.tgz 0ms (cache hit)
107 http cache json5@https://registry.npmjs.org/json5/-/json5-2.2.3.tgz 0ms (cache hit)
108 http cache jiti@https://registry.npmjs.org/jiti/-/jiti-2.6.1.tgz 0ms (cache hit)
109 http cache jsesc@https://registry.npmjs.org/jsesc/-/jsesc-3.1.0.tgz 0ms (cache hit)
110 http cache http-parser-js@https://registry.npmjs.org/http-parser-js/-/http-parser-js-0.5.10.tgz 0ms (cache hit)
111 http cache faye-websocket@https://registry.npmjs.org/faye-websocket/-/faye-websocket-0.11.4.tgz 0ms (cache hit)
112 http cache cssesc@https://registry.npmjs.org/cssesc/-/cssesc-3.0.0.tgz 0ms (cache hit)
113 http cache esbuild@https://registry.npmjs.org/esbuild/-/esbuild-0.27.2.tgz 0ms (cache hit)
114 http cache browserslist@https://registry.npmjs.org/browserslist/-/browserslist-4.28.1.tgz 0ms (cache hit)
115 http cache baseline-browser-mapping@https://registry.npmjs.org/baseline-browser-mapping/-/baseline-browser-mapping-2.9.19.tgz 0ms (cache hit)
116 http cache autoprefixer@https://registry.npmjs.org/autoprefixer/-/autoprefixer-10.4.24.tgz 0ms (cache hit)
117 http cache which@https://registry.npmjs.org/which/-/which-6.0.1.tgz 0ms (cache hit)
118 http cache which@https://registry.npmjs.org/which/-/which-6.0.1.tgz 0ms (cache hit)
119 http cache semver@https://registry.npmjs.org/semver/-/semver-6.3.1.tgz 0ms (cache hit)
120 http cache semver@https://registry.npmjs.org/semver/-/semver-6.3.1.tgz 0ms (cache hit)
121 http cache which@https://registry.npmjs.org/which/-/which-6.0.1.tgz 0ms (cache hit)
122 http cache readdirp@https://registry.npmjs.org/readdirp/-/readdirp-3.6.0.tgz 0ms (cache hit)
123 http cache jiti@https://registry.npmjs.org/jiti/-/jiti-1.21.7.tgz 0ms (cache hit)
124 http cache picomatch@https://registry.npmjs.org/picomatch/-/picomatch-2.3.1.tgz 0ms (cache hit)
125 http cache eventsource@https://registry.npmjs.org/eventsource/-/eventsource-2.0.2.tgz 0ms (cache hit)
126 http cache chokidar@https://registry.npmjs.org/chokidar/-/chokidar-3.6.0.tgz 0ms (cache hit)
127 http cache glob-parent@https://registry.npmjs.org/glob-parent/-/glob-parent-5.1.2.tgz 0ms (cache hit)
128 http cache readdirp@https://registry.npmjs.org/readdirp/-/readdirp-4.1.2.tgz 0ms (cache hit)
129 http cache chokidar@https://registry.npmjs.org/chokidar/-/chokidar-4.0.3.tgz 0ms (cache hit)
130 http cache debug@https://registry.npmjs.org/debug/-/debug-3.2.7.tgz 0ms (cache hit)
131 silly tarball no local data for @types/sockjs-client@https://registry.npmjs.org/@types/sockjs-client/-/sockjs-client-1.5.4.tgz. Extracting by manifest.
132 silly tarball no local data for @types/leaflet@https://registry.npmjs.org/@types/leaflet/-/leaflet-1.9.21.tgz. Extracting by manifest.
133 http cache isexe@https://registry.npmjs.org/isexe/-/isexe-4.0.0.tgz 0ms (cache hit)
134 silly tarball no local data for @types/geojson@https://registry.npmjs.org/@types/geojson/-/geojson-7946.0.16.tgz. Extracting by manifest.
135 http cache which@https://registry.npmjs.org/which/-/which-6.0.1.tgz 0ms (cache hit)
136 silly tarball no local data for @stomp/stompjs@https://registry.npmjs.org/@stomp/stompjs/-/stompjs-7.3.0.tgz. Extracting by manifest.
137 silly tarball no local data for @babel/parser@https://registry.npmjs.org/@babel/parser/-/parser-7.29.0.tgz. Extracting by manifest.
138 silly tarball no local data for @npmcli/installed-package-contents@https://registry.npmjs.org/@npmcli/installed-package-contents/-/installed-package-contents-4.0.0.tgz. Extracting by manifest.
139 silly tarball no local data for @angular-devkit/architect@https://registry.npmjs.org/@angular-devkit/architect/-/architect-0.2101.3.tgz. Extracting by manifest.
140 silly tarball no local data for @angular/compiler-cli@https://registry.npmjs.org/@angular/compiler-cli/-/compiler-cli-21.1.3.tgz. Extracting by manifest.
141 silly tarball no local data for @angular/cli@https://registry.npmjs.org/@angular/cli/-/cli-21.1.3.tgz. Extracting by manifest.
142 silly tarball no local data for which@https://registry.npmjs.org/which/-/which-2.0.2.tgz. Extracting by manifest.
143 silly tarball no local data for why-is-node-running@https://registry.npmjs.org/why-is-node-running/-/why-is-node-running-2.3.0.tgz. Extracting by manifest.
144 silly tarball no local data for websocket-driver@https://registry.npmjs.org/websocket-driver/-/websocket-driver-0.7.4.tgz. Extracting by manifest.
145 silly tarball no local data for websocket-extensions@https://registry.npmjs.org/websocket-extensions/-/websocket-extensions-0.1.4.tgz. Extracting by manifest.
146 silly tarball no local data for vitest@https://registry.npmjs.org/vitest/-/vitest-4.0.18.tgz. Extracting by manifest.
147 silly tarball no local data for vite@https://registry.npmjs.org/vite/-/vite-7.3.0.tgz. Extracting by manifest.
148 silly tarball no local data for url-parse@https://registry.npmjs.org/url-parse/-/url-parse-1.5.10.tgz. Extracting by manifest.
149 silly tarball no local data for update-browserslist-db@https://registry.npmjs.org/update-browserslist-db/-/update-browserslist-db-1.2.3.tgz. Extracting by manifest.
150 silly tarball no local data for typescript@https://registry.npmjs.org/typescript/-/typescript-5.9.3.tgz. Extracting by manifest.
151 silly tarball no local data for sucrase@https://registry.npmjs.org/sucrase/-/sucrase-3.35.1.tgz. Extracting by manifest.
152 silly tarball no local data for tldts@https://registry.npmjs.org/tldts/-/tldts-7.0.23.tgz. Extracting by manifest.
153 silly tarball no local data for tailwindcss@https://registry.npmjs.org/tailwindcss/-/tailwindcss-3.4.19.tgz. Extracting by manifest.
154 silly tarball no local data for sockjs-client@https://registry.npmjs.org/sockjs-client/-/sockjs-client-1.6.1.tgz. Extracting by manifest.
155 silly tarball no local data for semver@https://registry.npmjs.org/semver/-/semver-7.7.3.tgz. Extracting by manifest.
156 silly tarball no local data for sass@https://registry.npmjs.org/sass/-/sass-1.97.1.tgz. Extracting by manifest.
157 silly tarball no local data for rollup@https://registry.npmjs.org/rollup/-/rollup-4.57.1.tgz. Extracting by manifest.
158 silly tarball no local data for rolldown@https://registry.npmjs.org/rolldown/-/rolldown-1.0.0-beta.58.tgz. Extracting by manifest.
159 silly tarball no local data for safe-buffer@https://registry.npmjs.org/safe-buffer/-/safe-buffer-5.2.1.tgz. Extracting by manifest.
160 silly tarball no local data for resolve@https://registry.npmjs.org/resolve/-/resolve-1.22.11.tgz. Extracting by manifest.
161 silly tarball no local data for requires-port@https://registry.npmjs.org/requires-port/-/requires-port-1.0.0.tgz. Extracting by manifest.
162 silly tarball no local data for querystringify@https://registry.npmjs.org/querystringify/-/querystringify-2.2.0.tgz. Extracting by manifest.
163 silly tarball no local data for pacote@https://registry.npmjs.org/pacote/-/pacote-21.0.4.tgz. Extracting by manifest.
164 silly tarball no local data for node-gyp-build-optional-packages@https://registry.npmjs.org/node-gyp-build-optional-packages/-/node-gyp-build-optional-packages-5.2.2.tgz. Extracting by manifest.
165 silly tarball no local data for node-gyp@https://registry.npmjs.org/node-gyp/-/node-gyp-12.2.0.tgz. Extracting by manifest.
166 silly tarball no local data for nopt@https://registry.npmjs.org/nopt/-/nopt-9.0.0.tgz. Extracting by manifest.
167 silly tarball no local data for nanoid@https://registry.npmjs.org/nanoid/-/nanoid-3.3.11.tgz. Extracting by manifest.
168 silly tarball no local data for msgpackr-extract@https://registry.npmjs.org/msgpackr-extract/-/msgpackr-extract-3.0.3.tgz. Extracting by manifest.
169 silly tarball no local data for lmdb@https://registry.npmjs.org/lmdb/-/lmdb-3.4.4.tgz. Extracting by manifest.
170 silly tarball no local data for leaflet@https://registry.npmjs.org/leaflet/-/leaflet-1.9.4.tgz. Extracting by manifest.
171 silly tarball no local data for json5@https://registry.npmjs.org/json5/-/json5-2.2.3.tgz. Extracting by manifest.
172 silly tarball no local data for jiti@https://registry.npmjs.org/jiti/-/jiti-2.6.1.tgz. Extracting by manifest.
173 silly tarball no local data for jsesc@https://registry.npmjs.org/jsesc/-/jsesc-3.1.0.tgz. Extracting by manifest.
174 silly tarball no local data for http-parser-js@https://registry.npmjs.org/http-parser-js/-/http-parser-js-0.5.10.tgz. Extracting by manifest.
175 silly tarball no local data for faye-websocket@https://registry.npmjs.org/faye-websocket/-/faye-websocket-0.11.4.tgz. Extracting by manifest.
176 silly tarball no local data for cssesc@https://registry.npmjs.org/cssesc/-/cssesc-3.0.0.tgz. Extracting by manifest.
177 silly tarball no local data for esbuild@https://registry.npmjs.org/esbuild/-/esbuild-0.27.2.tgz. Extracting by manifest.
178 silly tarball no local data for browserslist@https://registry.npmjs.org/browserslist/-/browserslist-4.28.1.tgz. Extracting by manifest.
179 silly tarball no local data for baseline-browser-mapping@https://registry.npmjs.org/baseline-browser-mapping/-/baseline-browser-mapping-2.9.19.tgz. Extracting by manifest.
180 silly tarball no local data for autoprefixer@https://registry.npmjs.org/autoprefixer/-/autoprefixer-10.4.24.tgz. Extracting by manifest.
181 silly tarball no local data for which@https://registry.npmjs.org/which/-/which-6.0.1.tgz. Extracting by manifest.
182 silly tarball no local data for which@https://registry.npmjs.org/which/-/which-6.0.1.tgz. Extracting by manifest.
183 silly tarball no local data for semver@https://registry.npmjs.org/semver/-/semver-6.3.1.tgz. Extracting by manifest.
184 silly tarball no local data for semver@https://registry.npmjs.org/semver/-/semver-6.3.1.tgz. Extracting by manifest.
185 silly tarball no local data for which@https://registry.npmjs.org/which/-/which-6.0.1.tgz. Extracting by manifest.
186 silly tarball no local data for readdirp@https://registry.npmjs.org/readdirp/-/readdirp-3.6.0.tgz. Extracting by manifest.
187 silly tarball no local data for jiti@https://registry.npmjs.org/jiti/-/jiti-1.21.7.tgz. Extracting by manifest.
188 silly tarball no local data for picomatch@https://registry.npmjs.org/picomatch/-/picomatch-2.3.1.tgz. Extracting by manifest.
189 silly tarball no local data for eventsource@https://registry.npmjs.org/eventsource/-/eventsource-2.0.2.tgz. Extracting by manifest.
190 silly tarball no local data for chokidar@https://registry.npmjs.org/chokidar/-/chokidar-3.6.0.tgz. Extracting by manifest.
191 silly tarball no local data for glob-parent@https://registry.npmjs.org/glob-parent/-/glob-parent-5.1.2.tgz. Extracting by manifest.
192 silly tarball no local data for readdirp@https://registry.npmjs.org/readdirp/-/readdirp-4.1.2.tgz. Extracting by manifest.
193 silly tarball no local data for chokidar@https://registry.npmjs.org/chokidar/-/chokidar-4.0.3.tgz. Extracting by manifest.
194 silly tarball no local data for debug@https://registry.npmjs.org/debug/-/debug-3.2.7.tgz. Extracting by manifest.
195 silly tarball no local data for isexe@https://registry.npmjs.org/isexe/-/isexe-4.0.0.tgz. Extracting by manifest.
196 silly tarball no local data for which@https://registry.npmjs.org/which/-/which-6.0.1.tgz. Extracting by manifest.
197 http fetch GET 200 https://registry.npmjs.org/which/-/which-2.0.2.tgz 236ms (cache miss)
198 http fetch GET 200 https://registry.npmjs.org/@types/geojson/-/geojson-7946.0.16.tgz 242ms (cache miss)
199 http fetch GET 200 https://registry.npmjs.org/why-is-node-running/-/why-is-node-running-2.3.0.tgz 240ms (cache miss)
200 http fetch GET 200 https://registry.npmjs.org/@npmcli/installed-package-contents/-/installed-package-contents-4.0.0.tgz 253ms (cache miss)
201 http fetch GET 200 https://registry.npmjs.org/websocket-extensions/-/websocket-extensions-0.1.4.tgz 265ms (cache miss)
202 http fetch GET 200 https://registry.npmjs.org/websocket-driver/-/websocket-driver-0.7.4.tgz 304ms (cache miss)
203 http fetch GET 200 https://registry.npmjs.org/update-browserslist-db/-/update-browserslist-db-1.2.3.tgz 306ms (cache miss)
204 http fetch GET 200 https://registry.npmjs.org/url-parse/-/url-parse-1.5.10.tgz 354ms (cache miss)
205 http fetch POST 200 https://registry.npmjs.org/-/npm/v1/security/advisories/bulk 458ms
206 silly audit report {
206 silly audit report   '@angular/compiler': [
206 silly audit report     {
206 silly audit report       id: 1114735,
206 silly audit report       url: 'https://github.com/advisories/GHSA-g93w-mfhg-p222',
206 silly audit report       title: 'Angular vulnerable to XSS in i18n attribute bindings',
206 silly audit report       severity: 'high',
206 silly audit report       vulnerable_versions: '>=21.0.0-next.0 <21.2.4',
206 silly audit report       cwe: [Array],
206 silly audit report       cvss: [Object]
206 silly audit report     }
206 silly audit report   ],
206 silly audit report   '@angular/core': [
206 silly audit report     {
206 silly audit report       id: 1113590,
206 silly audit report       url: 'https://github.com/advisories/GHSA-prjf-86w9-mfqv',
206 silly audit report       title: 'Angular i18n vulnerable to Cross-Site Scripting',
206 silly audit report       severity: 'high',
206 silly audit report       vulnerable_versions: '>=21.0.0-next.0 <=21.1.5',
206 silly audit report       cwe: [Array],
206 silly audit report       cvss: [Object]
206 silly audit report     },
206 silly audit report     {
206 silly audit report       id: 1114738,
206 silly audit report       url: 'https://github.com/advisories/GHSA-g93w-mfhg-p222',
206 silly audit report       title: 'Angular vulnerable to XSS in i18n attribute bindings',
206 silly audit report       severity: 'high',
206 silly audit report       vulnerable_versions: '>=21.0.0-next.0 <21.2.4',
206 silly audit report       cwe: [Array],
206 silly audit report       cvss: [Object]
206 silly audit report     }
206 silly audit report   ],
206 silly audit report   '@angular/ssr': [
206 silly audit report     {
206 silly audit report       id: 1113509,
206 silly audit report       url: 'https://github.com/advisories/GHSA-x288-3778-4hhx',
206 silly audit report       title: 'Angular SSR is vulnerable to SSRF and Header Injection via request handling pipeline',
206 silly audit report       severity: 'critical',
206 silly audit report       vulnerable_versions: '>=21.0.0-next.0 <21.1.5',
206 silly audit report       cwe: [Array],
206 silly audit report       cvss: [Object]
206 silly audit report     },
206 silly audit report     {
206 silly audit report       id: 1113513,
206 silly audit report       url: 'https://github.com/advisories/GHSA-xh43-g2fq-wjrj',
206 silly audit report       title: 'Angular SSR has an Open Redirect via X-Forwarded-Prefix',
206 silly audit report       severity: 'moderate',
206 silly audit report       vulnerable_versions: '>=21.0.0-next.0 <21.1.5',
206 silly audit report       cwe: [Array],
206 silly audit report       cvss: [Object]
206 silly audit report     },
206 silly audit report     {
206 silly audit report       id: 1115534,
206 silly audit report       url: 'https://github.com/advisories/GHSA-vfx2-hv2g-xj5f',
206 silly audit report       title: 'Protocol-Relative URL Injection via Single Backslash Bypass in Angular SSR',
206 silly audit report       severity: 'moderate',
206 silly audit report       vulnerable_versions: '>=21.0.0-next.0 <21.2.3',
206 silly audit report       cwe: [Array],
206 silly audit report       cvss: [Object]
206 silly audit report     }
206 silly audit report   ],
206 silly audit report   '@hono/node-server': [
206 silly audit report     {
206 silly audit report       id: 1114170,
206 silly audit report       url: 'https://github.com/advisories/GHSA-wc8c-qw6v-h7f6',
206 silly audit report       title: '@hono/node-server has authorization bypass for protected static paths via encoded slashes in Serve Static Middleware',
206 silly audit report       severity: 'high',
206 silly audit report       vulnerable_versions: '<1.19.10',
206 silly audit report       cwe: [Array],
206 silly audit report       cvss: [Object]
206 silly audit report     },
206 silly audit report     {
206 silly audit report       id: 1116281,
206 silly audit report       url: 'https://github.com/advisories/GHSA-92pp-h63x-v22m',
206 silly audit report       title: '@hono/node-server: Middleware bypass via repeated slashes in serveStatic',
206 silly audit report       severity: 'moderate',
206 silly audit report       vulnerable_versions: '<1.19.13',
206 silly audit report       cwe: [Array],
206 silly audit report       cvss: [Object]
206 silly audit report     }
206 silly audit report   ],
206 silly audit report   ajv: [
206 silly audit report     {
206 silly audit report       id: 1113715,
206 silly audit report       url: 'https://github.com/advisories/GHSA-2g4f-4pwh-qvx6',
206 silly audit report       title: 'ajv has ReDoS when using `$data` option',
206 silly audit report       severity: 'moderate',
206 silly audit report       vulnerable_versions: '>=7.0.0-alpha.0 <8.18.0',
206 silly audit report       cwe: [Array],
206 silly audit report       cvss: [Object]
206 silly audit report     }
206 silly audit report   ],
206 silly audit report   picomatch: [
206 silly audit report     {
206 silly audit report       id: 1115549,
206 silly audit report       url: 'https://github.com/advisories/GHSA-3v7f-55p6-f55p',
206 silly audit report       title: 'Picomatch: Method Injection in POSIX Character Classes causes incorrect Glob Matching',
206 silly audit report       severity: 'moderate',
206 silly audit report       vulnerable_versions: '<2.3.2',
206 silly audit report       cwe: [Array],
206 silly audit report       cvss: [Object]
206 silly audit report     },
206 silly audit report     {
206 silly audit report       id: 1115551,
206 silly audit report       url: 'https://github.com/advisories/GHSA-3v7f-55p6-f55p',
206 silly audit report       title: 'Picomatch: Method Injection in POSIX Character Classes causes incorrect Glob Matching',
206 silly audit report       severity: 'moderate',
206 silly audit report       vulnerable_versions: '>=4.0.0 <4.0.4',
206 silly audit report       cwe: [Array],
206 silly audit report       cvss: [Object]
206 silly audit report     },
206 silly audit report     {
206 silly audit report       id: 1115552,
206 silly audit report       url: 'https://github.com/advisories/GHSA-c2c7-rcm5-vvqj',
206 silly audit report       title: 'Picomatch has a ReDoS vulnerability via extglob quantifiers',
206 silly audit report       severity: 'high',
206 silly audit report       vulnerable_versions: '<2.3.2',
206 silly audit report       cwe: [Array],
206 silly audit report       cvss: [Object]
206 silly audit report     },
206 silly audit report     {
206 silly audit report       id: 1115554,
206 silly audit report       url: 'https://github.com/advisories/GHSA-c2c7-rcm5-vvqj',
206 silly audit report       title: 'Picomatch has a ReDoS vulnerability via extglob quantifiers',
206 silly audit report       severity: 'high',
206 silly audit report       vulnerable_versions: '>=4.0.0 <4.0.4',
206 silly audit report       cwe: [Array],
206 silly audit report       cvss: [Object]
206 silly audit report     }
206 silly audit report   ],
206 silly audit report   'express-rate-limit': [
206 silly audit report     {
206 silly audit report       id: 1114194,
206 silly audit report       url: 'https://github.com/advisories/GHSA-46wh-pxpv-q5gq',
206 silly audit report       title: 'express-rate-limit: IPv4-mapped IPv6 addresses bypass per-client rate limiting on servers with dual-stack network',
206 silly audit report       severity: 'high',
206 silly audit report       vulnerable_versions: '>=8.2.0 <8.2.2',
206 silly audit report       cwe: [Array],
206 silly audit report       cvss: [Object]
206 silly audit report     }
206 silly audit report   ],
206 silly audit report   hono: [
206 silly audit report     {
206 silly audit report       id: 1113311,
206 silly audit report       url: 'https://github.com/advisories/GHSA-gq3j-xvxp-8hrf',
206 silly audit report       title: 'Hono added timing comparison hardening in basicAuth and bearerAuth',
206 silly audit report       severity: 'low',
206 silly audit report       vulnerable_versions: '<4.11.10',
206 silly audit report       cwe: [Array],
206 silly audit report       cvss: [Object]
206 silly audit report     },
206 silly audit report     {
206 silly audit report       id: 1114004,
206 silly audit report       url: 'https://github.com/advisories/GHSA-5pq2-9x2x-5p6w',
206 silly audit report       title: 'Hono Vulnerable to Cookie Attribute Injection via Unsanitized domain and path in setCookie()',
206 silly audit report       severity: 'moderate',
206 silly audit report       vulnerable_versions: '<4.12.4',
206 silly audit report       cwe: [Array],
206 silly audit report       cvss: [Object]
206 silly audit report     },
206 silly audit report     {
206 silly audit report       id: 1114005,
206 silly audit report       url: 'https://github.com/advisories/GHSA-p6xx-57qc-3wxr',
206 silly audit report       title: 'Hono Vulnerable to SSE Control Field Injection via CR/LF in writeSSE()',
206 silly audit report       severity: 'moderate',
206 silly audit report       vulnerable_versions: '<4.12.4',
206 silly audit report       cwe: [Array],
206 silly audit report       cvss: [Object]
206 silly audit report     },
206 silly audit report     {
206 silly audit report       id: 1114006,
206 silly audit report       url: 'https://github.com/advisories/GHSA-q5qw-h33p-qvwr',
206 silly audit report       title: 'Hono vulnerable to arbitrary file access via serveStatic vulnerability ',
206 silly audit report       severity: 'high',
206 silly audit report       vulnerable_versions: '<4.12.4',
206 silly audit report       cwe: [Array],
206 silly audit report       cvss: [Object]
206 silly audit report     },
206 silly audit report     {
206 silly audit report       id: 1114341,
206 silly audit report       url: 'https://github.com/advisories/GHSA-v8w9-8mx6-g223',
206 silly audit report       title: 'Hono vulnerable to Prototype Pollution possible through __proto__ key allowed in parseBody({ dot: true })',
206 silly audit report       severity: 'moderate',
206 silly audit report       vulnerable_versions: '<4.12.7',
206 silly audit report       cwe: [Array],
206 silly audit report       cvss: [Object]
206 silly audit report     },
206 silly audit report     {
206 silly audit report       id: 1116244,
206 silly audit report       url: 'https://github.com/advisories/GHSA-26pp-8wgv-hjvm',
206 silly audit report       title: 'Hono missing validation of cookie name on write path in setCookie()',
206 silly audit report       severity: 'moderate',
206 silly audit report       vulnerable_versions: '<4.12.12',
206 silly audit report       cwe: [Array],
206 silly audit report       cvss: [Object]
206 silly audit report     },
206 silly audit report     {
206 silly audit report       id: 1116277,
206 silly audit report       url: 'https://github.com/advisories/GHSA-r5rp-j6wh-rvv4',
206 silly audit report       title: 'Hono: Non-breaking space prefix bypass in cookie name handling in getCookie()',
206 silly audit report       severity: 'moderate',
206 silly audit report       vulnerable_versions: '<4.12.12',
206 silly audit report       cwe: [Array],
206 silly audit report       cvss: [Object]
206 silly audit report     },
206 silly audit report     {
206 silly audit report       id: 1116278,
206 silly audit report       url: 'https://github.com/advisories/GHSA-xpcf-pg52-r92g',
206 silly audit report       title: 'Hono has incorrect IP matching in ipRestriction() for IPv4-mapped IPv6 addresses',
206 silly audit report       severity: 'moderate',
206 silly audit report       vulnerable_versions: '<4.12.12',
206 silly audit report       cwe: [Array],
206 silly audit report       cvss: [Object]
206 silly audit report     },
206 silly audit report     {
206 silly audit report       id: 1116279,
206 silly audit report       url: 'https://github.com/advisories/GHSA-xf4j-xp2r-rqqx',
206 silly audit report       title: 'Hono: Path traversal in toSSG() allows writing files outside the output directory',
206 silly audit report       severity: 'moderate',
206 silly audit report       vulnerable_versions: '>=4.0.0 <=4.12.11',
206 silly audit report       cwe: [Array],
206 silly audit report       cvss: [Object]
206 silly audit report     },
206 silly audit report     {
206 silly audit report       id: 1116280,
206 silly audit report       url: 'https://github.com/advisories/GHSA-wmmm-f939-6g9c',
206 silly audit report       title: 'Hono: Middleware bypass via repeated slashes in serveStatic',
206 silly audit report       severity: 'moderate',
206 silly audit report       vulnerable_versions: '<4.12.12',
206 silly audit report       cwe: [Array],
206 silly audit report       cvss: [Object]
206 silly audit report     }
206 silly audit report   ],
206 silly audit report   immutable: [
206 silly audit report     {
206 silly audit report       id: 1114168,
206 silly audit report       url: 'https://github.com/advisories/GHSA-wf6x-7x77-mvgw',
206 silly audit report       title: 'Immutable is vulnerable to Prototype Pollution',
206 silly audit report       severity: 'high',
206 silly audit report       vulnerable_versions: '>=5.0.0 <5.1.5',
206 silly audit report       cwe: [Array],
206 silly audit report       cvss: [Object]
206 silly audit report     }
206 silly audit report   ],
206 silly audit report   minimatch: [
206 silly audit report     {
206 silly audit report       id: 1113466,
206 silly audit report       url: 'https://github.com/advisories/GHSA-3ppc-4f35-3m26',
206 silly audit report       title: 'minimatch has a ReDoS via repeated wildcards with non-matching literal in pattern',
206 silly audit report       severity: 'high',
206 silly audit report       vulnerable_versions: '>=10.0.0 <10.2.1',
206 silly audit report       cwe: [Array],
206 silly audit report       cvss: [Object]
206 silly audit report     },
206 silly audit report     {
206 silly audit report       id: 1113545,
206 silly audit report       url: 'https://github.com/advisories/GHSA-7r86-cg39-jmmj',
206 silly audit report       title: 'minimatch has ReDoS: matchOne() combinatorial backtracking via multiple non-adjacent GLOBSTAR segments',
206 silly audit report       severity: 'high',
206 silly audit report       vulnerable_versions: '>=10.0.0 <10.2.3',
206 silly audit report       cwe: [Array],
206 silly audit report       cvss: [Object]
206 silly audit report     },
206 silly audit report     {
206 silly audit report       id: 1113553,
206 silly audit report       url: 'https://github.com/advisories/GHSA-23c5-xmqv-rm74',
206 silly audit report       title: 'minimatch ReDoS: nested *() extglobs generate catastrophically backtracking regular expressions',
206 silly audit report       severity: 'high',
206 silly audit report       vulnerable_versions: '>=10.0.0 <10.2.3',
206 silly audit report       cwe: [Array],
206 silly audit report       cvss: [Object]
206 silly audit report     }
206 silly audit report   ],
206 silly audit report   'path-to-regexp': [
206 silly audit report     {
206 silly audit report       id: 1115573,
206 silly audit report       url: 'https://github.com/advisories/GHSA-j3q9-mxjg-w52f',
206 silly audit report       title: 'path-to-regexp vulnerable to Denial of Service via sequential optional groups',
206 silly audit report       severity: 'high',
206 silly audit report       vulnerable_versions: '>=8.0.0 <8.4.0',
206 silly audit report       cwe: [Array],
206 silly audit report       cvss: [Object]
206 silly audit report     },
206 silly audit report     {
206 silly audit report       id: 1115582,
206 silly audit report       url: 'https://github.com/advisories/GHSA-27v5-c462-wpq7',
206 silly audit report       title: 'path-to-regexp vulnerable to Regular Expression Denial of Service via multiple wildcards',
206 silly audit report       severity: 'moderate',
206 silly audit report       vulnerable_versions: '>=8.0.0 <8.4.0',
206 silly audit report       cwe: [Array],
206 silly audit report       cvss: [Object]
206 silly audit report     }
206 silly audit report   ],
206 silly audit report   qs: [
206 silly audit report     {
206 silly audit report       id: 1113161,
206 silly audit report       url: 'https://github.com/advisories/GHSA-w7fw-mjwx-w883',
206 silly audit report       title: "qs's arrayLimit bypass in comma parsing allows denial of service",
206 silly audit report       severity: 'low',
206 silly audit report       vulnerable_versions: '>=6.7.0 <=6.14.1',
206 silly audit report       cwe: [Array],
206 silly audit report       cvss: [Object]
206 silly audit report     }
206 silly audit report   ],
206 silly audit report   rollup: [
206 silly audit report     {
206 silly audit report       id: 1113515,
206 silly audit report       url: 'https://github.com/advisories/GHSA-mw96-cpmx-2vgc',
206 silly audit report       title: 'Rollup 4 has Arbitrary File Write via Path Traversal',
206 silly audit report       severity: 'high',
206 silly audit report       vulnerable_versions: '>=4.0.0 <4.59.0',
206 silly audit report       cwe: [Array],
206 silly audit report       cvss: [Object]
206 silly audit report     }
206 silly audit report   ],
206 silly audit report   tar: [
206 silly audit report     {
206 silly audit report       id: 1113375,
206 silly audit report       url: 'https://github.com/advisories/GHSA-83g3-92jg-28cx',
206 silly audit report       title: 'Arbitrary File Read/Write via Hardlink Target Escape Through Symlink Chain in node-tar Extraction',
206 silly audit report       severity: 'high',
206 silly audit report       vulnerable_versions: '<7.5.8',
206 silly audit report       cwe: [Array],
206 silly audit report       cvss: [Object]
206 silly audit report     },
206 silly audit report     {
206 silly audit report       id: 1114200,
206 silly audit report       url: 'https://github.com/advisories/GHSA-qffp-2rhf-9h96',
206 silly audit report       title: 'tar has Hardlink Path Traversal via Drive-Relative Linkpath',
206 silly audit report       severity: 'high',
206 silly audit report       vulnerable_versions: '<=7.5.9',
206 silly audit report       cwe: [Array],
206 silly audit report       cvss: [Object]
206 silly audit report     },
206 silly audit report     {
206 silly audit report       id: 1114302,
206 silly audit report       url: 'https://github.com/advisories/GHSA-9ppj-qmqm-q256',
206 silly audit report       title: 'node-tar Symlink Path Traversal via Drive-Relative Linkpath',
206 silly audit report       severity: 'high',
206 silly audit report       vulnerable_versions: '<=7.5.10',
206 silly audit report       cwe: [Array],
206 silly audit report       cvss: [Object]
206 silly audit report     }
206 silly audit report   ],
206 silly audit report   undici: [
206 silly audit report     {
206 silly audit report       id: 1114591,
206 silly audit report       url: 'https://github.com/advisories/GHSA-f269-vfmq-vjvj',
206 silly audit report       title: 'Undici: Malicious WebSocket 64-bit length overflows parser and crashes the client',
206 silly audit report       severity: 'high',
206 silly audit report       vulnerable_versions: '>=7.0.0 <7.24.0',
206 silly audit report       cwe: [Array],
206 silly audit report       cvss: [Object]
206 silly audit report     },
206 silly audit report     {
206 silly audit report       id: 1114593,
206 silly audit report       url: 'https://github.com/advisories/GHSA-2mjp-6q6p-2qxm',
206 silly audit report       title: 'Undici has an HTTP Request/Response Smuggling issue',
206 silly audit report       severity: 'moderate',
206 silly audit report       vulnerable_versions: '>=7.0.0 <7.24.0',
206 silly audit report       cwe: [Array],
206 silly audit report       cvss: [Object]
206 silly audit report     },
206 silly audit report     {
206 silly audit report       id: 1114637,
206 silly audit report       url: 'https://github.com/advisories/GHSA-vrm6-8vpv-qv8q',
206 silly audit report       title: 'Undici has Unbounded Memory Consumption in WebSocket permessage-deflate Decompression',
206 silly audit report       severity: 'high',
206 silly audit report       vulnerable_versions: '>=7.0.0 <7.24.0',
206 silly audit report       cwe: [Array],
206 silly audit report       cvss: [Object]
206 silly audit report     },
206 silly audit report     {
206 silly audit report       id: 1114639,
206 silly audit report       url: 'https://github.com/advisories/GHSA-v9p9-hfj2-hcw8',
206 silly audit report       title: 'Undici has Unhandled Exception in WebSocket Client Due to Invalid server_max_window_bits Validation',
206 silly audit report       severity: 'high',
206 silly audit report       vulnerable_versions: '>=7.0.0 <7.24.0',
206 silly audit report       cwe: [Array],
206 silly audit report       cvss: [Object]
206 silly audit report     },
206 silly audit report     {
206 silly audit report       id: 1114641,
206 silly audit report       url: 'https://github.com/advisories/GHSA-4992-7rv2-5pvq',
206 silly audit report       title: 'Undici has CRLF Injection in undici via `upgrade` option',
206 silly audit report       severity: 'moderate',
206 silly audit report       vulnerable_versions: '>=7.0.0 <7.24.0',
206 silly audit report       cwe: [Array],
206 silly audit report       cvss: [Object]
206 silly audit report     },
206 silly audit report     {
206 silly audit report       id: 1114643,
206 silly audit report       url: 'https://github.com/advisories/GHSA-phc3-fgpg-7m6h',
206 silly audit report       title: 'Undici has Unbounded Memory Consumption in its DeduplicationHandler via Response Buffering that leads to DoS',
206 silly audit report       severity: 'moderate',
206 silly audit report       vulnerable_versions: '>=7.17.0 <7.24.0',
206 silly audit report       cwe: [Array],
206 silly audit report       cvss: [Object]
206 silly audit report     }
206 silly audit report   ],
206 silly audit report   vite: [
206 silly audit report     {
206 silly audit report       id: 1116230,
206 silly audit report       url: 'https://github.com/advisories/GHSA-4w7w-66w2-5vf9',
206 silly audit report       title: 'Vite Vulnerable to Path Traversal in Optimized Deps `.map` Handling',
206 silly audit report       severity: 'moderate',
206 silly audit report       vulnerable_versions: '>=7.0.0 <=7.3.1',
206 silly audit report       cwe: [Array],
206 silly audit report       cvss: [Object]
206 silly audit report     },
206 silly audit report     {
206 silly audit report       id: 1116232,
206 silly audit report       url: 'https://github.com/advisories/GHSA-v2wj-q39q-566r',
206 silly audit report       title: 'Vite: `server.fs.deny` bypassed with queries',
206 silly audit report       severity: 'high',
206 silly audit report       vulnerable_versions: '>=7.1.0 <=7.3.1',
206 silly audit report       cwe: [Array],
206 silly audit report       cvss: [Object]
206 silly audit report     },
206 silly audit report     {
206 silly audit report       id: 1116235,
206 silly audit report       url: 'https://github.com/advisories/GHSA-p9ff-h696-f583',
206 silly audit report       title: 'Vite Vulnerable to Arbitrary File Read via Vite Dev Server WebSocket',
206 silly audit report       severity: 'high',
206 silly audit report       vulnerable_versions: '>=7.0.0 <=7.3.1',
206 silly audit report       cwe: [Array],
206 silly audit report       cvss: [Object]
206 silly audit report     }
206 silly audit report   ]
206 silly audit report }
207 silly packumentCache corgi:https://registry.npmjs.org/@angular%2fcompiler cache-miss
208 silly packumentCache corgi:https://registry.npmjs.org/@angular%2fcore cache-miss
209 silly packumentCache corgi:https://registry.npmjs.org/@angular%2fssr cache-miss
210 silly packumentCache corgi:https://registry.npmjs.org/@hono%2fnode-server cache-miss
211 silly packumentCache corgi:https://registry.npmjs.org/ajv cache-miss
212 silly packumentCache corgi:https://registry.npmjs.org/picomatch cache-miss
213 silly packumentCache corgi:https://registry.npmjs.org/express-rate-limit cache-miss
214 silly packumentCache corgi:https://registry.npmjs.org/hono cache-miss
215 silly packumentCache corgi:https://registry.npmjs.org/immutable cache-miss
216 silly packumentCache corgi:https://registry.npmjs.org/minimatch cache-miss
217 silly packumentCache corgi:https://registry.npmjs.org/path-to-regexp cache-miss
218 silly packumentCache corgi:https://registry.npmjs.org/qs cache-miss
219 silly packumentCache corgi:https://registry.npmjs.org/rollup cache-miss
220 silly packumentCache corgi:https://registry.npmjs.org/tar cache-miss
221 silly packumentCache corgi:https://registry.npmjs.org/undici cache-miss
222 silly packumentCache corgi:https://registry.npmjs.org/vite cache-miss
223 http fetch GET 200 https://registry.npmjs.org/@types/sockjs-client/-/sockjs-client-1.5.4.tgz 456ms (cache miss)
224 http fetch GET 200 https://registry.npmjs.org/@stomp/stompjs/-/stompjs-7.3.0.tgz 516ms (cache miss)
225 http fetch GET 200 https://registry.npmjs.org/@angular-devkit/architect/-/architect-0.2101.3.tgz 673ms (cache miss)
226 http fetch GET 200 https://registry.npmjs.org/rolldown/-/rolldown-1.0.0-beta.58.tgz 1235ms (cache miss)
227 http fetch GET 200 https://registry.npmjs.org/safe-buffer/-/safe-buffer-5.2.1.tgz 1306ms (cache miss)
228 http fetch GET 200 https://registry.npmjs.org/resolve/-/resolve-1.22.11.tgz 1566ms (cache miss)
229 http fetch GET 200 https://registry.npmjs.org/requires-port/-/requires-port-1.0.0.tgz 1668ms (cache miss)
230 http fetch GET 200 https://registry.npmjs.org/querystringify/-/querystringify-2.2.0.tgz 1711ms (cache miss)
231 http fetch GET 200 https://registry.npmjs.org/pacote/-/pacote-21.0.4.tgz 1876ms (cache miss)
232 http fetch GET 200 https://registry.npmjs.org/node-gyp-build-optional-packages/-/node-gyp-build-optional-packages-5.2.2.tgz 1996ms (cache miss)
233 http fetch GET 200 https://registry.npmjs.org/nopt/-/nopt-9.0.0.tgz 2151ms (cache miss)
234 http fetch GET 200 https://registry.npmjs.org/@angular/compiler-cli/-/compiler-cli-21.1.3.tgz 2376ms (cache miss)
235 http fetch GET 200 https://registry.npmjs.org/@types/leaflet/-/leaflet-1.9.21.tgz 2536ms (cache miss)
236 http fetch GET 200 https://registry.npmjs.org/nanoid/-/nanoid-3.3.11.tgz 2698ms (cache miss)
237 http fetch GET 200 https://registry.npmjs.org/msgpackr-extract/-/msgpackr-extract-3.0.3.tgz 2943ms (cache miss)
238 http fetch GET 200 https://registry.npmjs.org/vitest/-/vitest-4.0.18.tgz 3035ms (cache miss)
239 http fetch GET 200 https://registry.npmjs.org/json5/-/json5-2.2.3.tgz 3264ms (cache miss)
240 http fetch GET 200 https://registry.npmjs.org/tailwindcss/-/tailwindcss-3.4.19.tgz 3273ms (cache miss)
241 http fetch GET 200 https://registry.npmjs.org/jsesc/-/jsesc-3.1.0.tgz 3833ms (cache miss)
242 http fetch GET 200 https://registry.npmjs.org/http-parser-js/-/http-parser-js-0.5.10.tgz 4055ms (cache miss)
243 http fetch GET 200 https://registry.npmjs.org/faye-websocket/-/faye-websocket-0.11.4.tgz 4181ms (cache miss)
244 http fetch GET 200 https://registry.npmjs.org/cssesc/-/cssesc-3.0.0.tgz 4278ms (cache miss)
245 http fetch GET 200 https://registry.npmjs.org/esbuild/-/esbuild-0.27.2.tgz 5985ms (cache miss)
246 http fetch GET 200 https://registry.npmjs.org/lmdb/-/lmdb-3.4.4.tgz 6131ms (cache miss)
247 http fetch GET 200 https://registry.npmjs.org/browserslist/-/browserslist-4.28.1.tgz 6152ms (cache miss)
248 http fetch GET 200 https://registry.npmjs.org/jiti/-/jiti-2.6.1.tgz 6237ms (cache miss)
249 http fetch GET 200 https://registry.npmjs.org/rollup/-/rollup-4.57.1.tgz 6278ms (cache miss)
250 http fetch GET 200 https://registry.npmjs.org/baseline-browser-mapping/-/baseline-browser-mapping-2.9.19.tgz 6455ms (cache miss)
251 http fetch GET 200 https://registry.npmjs.org/which/-/which-6.0.1.tgz 6548ms (cache miss)
252 http fetch GET 200 https://registry.npmjs.org/which/-/which-6.0.1.tgz 6572ms (cache miss)
253 http fetch GET 200 https://registry.npmjs.org/autoprefixer/-/autoprefixer-10.4.24.tgz 6628ms (cache miss)
254 http fetch GET 200 https://registry.npmjs.org/which/-/which-6.0.1.tgz 6648ms (cache miss)
255 http fetch GET 200 https://registry.npmjs.org/semver/-/semver-6.3.1.tgz 6661ms (cache miss)
256 http fetch GET 200 https://registry.npmjs.org/semver/-/semver-6.3.1.tgz 6674ms (cache miss)
257 http fetch GET 200 https://registry.npmjs.org/readdirp/-/readdirp-3.6.0.tgz 6973ms (cache miss)
258 http fetch GET 200 https://registry.npmjs.org/picomatch/-/picomatch-2.3.1.tgz 7222ms (cache miss)
259 http fetch GET 200 https://registry.npmjs.org/glob-parent/-/glob-parent-5.1.2.tgz 7316ms (cache miss)
260 http fetch GET 200 https://registry.npmjs.org/readdirp/-/readdirp-4.1.2.tgz 7388ms (cache miss)
261 http fetch GET 200 https://registry.npmjs.org/chokidar/-/chokidar-3.6.0.tgz 7525ms (cache miss)
262 http fetch GET 200 https://registry.npmjs.org/eventsource/-/eventsource-2.0.2.tgz 7652ms (cache miss)
263 http fetch GET 200 https://registry.npmjs.org/chokidar/-/chokidar-4.0.3.tgz 7692ms (cache miss)
264 http fetch GET 200 https://registry.npmjs.org/which/-/which-6.0.1.tgz 7755ms (cache miss)
265 http fetch GET 200 https://registry.npmjs.org/isexe/-/isexe-4.0.0.tgz 7831ms (cache miss)
266 http fetch GET 200 https://registry.npmjs.org/tldts/-/tldts-7.0.23.tgz 7881ms (cache miss)
267 http fetch GET 200 https://registry.npmjs.org/debug/-/debug-3.2.7.tgz 8050ms (cache miss)
268 http fetch GET 200 https://registry.npmjs.org/node-gyp/-/node-gyp-12.2.0.tgz 8321ms (cache miss)
269 http fetch GET 200 https://registry.npmjs.org/vite/-/vite-7.3.0.tgz 8366ms (cache miss)
270 http fetch GET 200 https://registry.npmjs.org/@hono%2fnode-server 7973ms (cache miss)
271 silly packumentCache corgi:https://registry.npmjs.org/@hono%2fnode-server set size:undefined disposed:false
272 http fetch GET 200 https://registry.npmjs.org/jiti/-/jiti-1.21.7.tgz 8399ms (cache miss)
273 http fetch GET 200 https://registry.npmjs.org/picomatch 8166ms (cache miss)
274 silly packumentCache corgi:https://registry.npmjs.org/picomatch set size:undefined disposed:false
275 http fetch GET 200 https://registry.npmjs.org/immutable 8673ms (cache miss)
276 silly packumentCache corgi:https://registry.npmjs.org/immutable set size:undefined disposed:false
277 http fetch GET 200 https://registry.npmjs.org/express-rate-limit 8746ms (cache miss)
278 silly packumentCache corgi:https://registry.npmjs.org/express-rate-limit set size:undefined disposed:false
279 http fetch GET 200 https://registry.npmjs.org/semver/-/semver-7.7.3.tgz 9236ms (cache miss)
280 http fetch GET 200 https://registry.npmjs.org/ajv 8959ms (cache miss)
281 silly packumentCache corgi:https://registry.npmjs.org/ajv set size:undefined disposed:false
282 http fetch GET 200 https://registry.npmjs.org/qs 9132ms (cache miss)
283 silly packumentCache corgi:https://registry.npmjs.org/qs set size:undefined disposed:false
284 http fetch GET 200 https://registry.npmjs.org/path-to-regexp 9203ms (cache miss)
285 silly packumentCache corgi:https://registry.npmjs.org/path-to-regexp set size:undefined disposed:false
286 http fetch GET 200 https://registry.npmjs.org/@angular%2fssr 9265ms (cache miss)
287 silly packumentCache corgi:https://registry.npmjs.org/@angular%2fssr set size:undefined disposed:false
288 http fetch GET 200 https://registry.npmjs.org/hono 9609ms (cache miss)
289 silly packumentCache corgi:https://registry.npmjs.org/hono set size:undefined disposed:false
290 http fetch GET 200 https://registry.npmjs.org/minimatch 9684ms (cache miss)
291 silly packumentCache corgi:https://registry.npmjs.org/minimatch set size:undefined disposed:false
292 http fetch GET 200 https://registry.npmjs.org/sass/-/sass-1.97.1.tgz 10117ms (cache miss)
293 http fetch GET 200 https://registry.npmjs.org/tar 9792ms (cache miss)
294 silly packumentCache corgi:https://registry.npmjs.org/tar set size:undefined disposed:false
295 http fetch GET 200 https://registry.npmjs.org/@angular%2fcompiler 11828ms (cache miss)
296 silly packumentCache corgi:https://registry.npmjs.org/@angular%2fcompiler set size:undefined disposed:false
297 http fetch GET 200 https://registry.npmjs.org/@angular%2fcore 12276ms (cache miss)
298 silly packumentCache corgi:https://registry.npmjs.org/@angular%2fcore set size:undefined disposed:false
299 http fetch GET 200 https://registry.npmjs.org/leaflet/-/leaflet-1.9.4.tgz 12834ms (cache miss)
300 http fetch GET 200 https://registry.npmjs.org/rollup 14160ms (cache miss)
301 silly packumentCache corgi:https://registry.npmjs.org/rollup set size:undefined disposed:false
302 http fetch GET 200 https://registry.npmjs.org/@babel/parser/-/parser-7.29.0.tgz 15202ms (cache miss)
303 http fetch GET 200 https://registry.npmjs.org/vite 14792ms (cache miss)
304 silly packumentCache corgi:https://registry.npmjs.org/vite set size:undefined disposed:false
305 http fetch GET 200 https://registry.npmjs.org/undici 15087ms (cache miss)
306 silly packumentCache corgi:https://registry.npmjs.org/undici set size:undefined disposed:false
307 silly packumentCache corgi:https://registry.npmjs.org/@angular%2fbuild cache-miss
308 silly packumentCache corgi:https://registry.npmjs.org/@angular%2fcompiler-cli cache-miss
309 silly packumentCache corgi:https://registry.npmjs.org/@angular%2fplatform-server cache-miss
310 http fetch GET 200 https://registry.npmjs.org/@angular%2fbuild 1490ms (cache miss)
311 silly packumentCache corgi:https://registry.npmjs.org/@angular%2fbuild set size:undefined disposed:false
312 http fetch GET 200 https://registry.npmjs.org/sockjs-client/-/sockjs-client-1.6.1.tgz 18416ms (cache miss)
313 http fetch GET 200 https://registry.npmjs.org/@angular%2fplatform-server 3732ms (cache miss)
314 silly packumentCache corgi:https://registry.npmjs.org/@angular%2fplatform-server set size:undefined disposed:false
315 http fetch GET 200 https://registry.npmjs.org/@angular%2fcompiler-cli 4765ms (cache miss)
316 silly packumentCache corgi:https://registry.npmjs.org/@angular%2fcompiler-cli set size:undefined disposed:false
317 silly packumentCache corgi:https://registry.npmjs.org/@angular%2fcommon cache-miss
318 silly packumentCache corgi:https://registry.npmjs.org/@angular%2fforms cache-miss
319 silly packumentCache corgi:https://registry.npmjs.org/@angular%2fplatform-browser cache-miss
320 silly packumentCache corgi:https://registry.npmjs.org/@angular%2frouter cache-miss
321 silly packumentCache corgi:https://registry.npmjs.org/lucide-angular cache-miss
322 http fetch GET 200 https://registry.npmjs.org/typescript/-/typescript-5.9.3.tgz 21638ms (cache miss)
323 http fetch GET 200 https://registry.npmjs.org/sucrase/-/sucrase-3.35.1.tgz 22049ms (cache miss)
324 http fetch GET 200 https://registry.npmjs.org/@angular%2fcommon 3236ms (cache miss)
325 silly packumentCache corgi:https://registry.npmjs.org/@angular%2fcommon set size:undefined disposed:false
326 http fetch GET 200 https://registry.npmjs.org/lucide-angular 3281ms (cache miss)
327 silly packumentCache corgi:https://registry.npmjs.org/lucide-angular set size:undefined disposed:false
328 http fetch GET 200 https://registry.npmjs.org/@angular%2fplatform-browser 3760ms (cache miss)
329 silly packumentCache corgi:https://registry.npmjs.org/@angular%2fplatform-browser set size:undefined disposed:false
330 http fetch GET 200 https://registry.npmjs.org/@angular%2frouter 5111ms (cache miss)
331 silly packumentCache corgi:https://registry.npmjs.org/@angular%2frouter set size:undefined disposed:false
332 http fetch GET 200 https://registry.npmjs.org/@angular%2fforms 5520ms (cache miss)
333 silly packumentCache corgi:https://registry.npmjs.org/@angular%2fforms set size:undefined disposed:false
334 silly packumentCache corgi:https://registry.npmjs.org/@modelcontextprotocol%2fsdk cache-miss
335 http fetch GET 200 https://registry.npmjs.org/@modelcontextprotocol%2fsdk 83ms (cache miss)
336 silly packumentCache corgi:https://registry.npmjs.org/@modelcontextprotocol%2fsdk set size:undefined disposed:false
337 silly packumentCache corgi:https://registry.npmjs.org/@angular-devkit%2fcore cache-miss
338 silly packumentCache corgi:https://registry.npmjs.org/ajv-formats cache-miss
339 http fetch GET 200 https://registry.npmjs.org/ajv-formats 163ms (cache miss)
340 silly packumentCache corgi:https://registry.npmjs.org/ajv-formats set size:undefined disposed:false
341 http fetch GET 200 https://registry.npmjs.org/@angular-devkit%2fcore 3444ms (cache miss)
342 silly packumentCache corgi:https://registry.npmjs.org/@angular-devkit%2fcore set size:undefined disposed:false
343 silly packumentCache corgi:https://registry.npmjs.org/anymatch cache-miss
344 silly packumentCache corgi:https://registry.npmjs.org/micromatch cache-miss
345 silly packumentCache corgi:https://registry.npmjs.org/readdirp cache-miss
346 http fetch GET 200 https://registry.npmjs.org/micromatch 89ms (cache miss)
347 silly packumentCache corgi:https://registry.npmjs.org/micromatch set size:undefined disposed:false
348 http fetch GET 200 https://registry.npmjs.org/anymatch 105ms (cache miss)
349 silly packumentCache corgi:https://registry.npmjs.org/anymatch set size:undefined disposed:false
350 http fetch GET 200 https://registry.npmjs.org/readdirp 602ms (cache miss)
351 silly packumentCache corgi:https://registry.npmjs.org/readdirp set size:undefined disposed:false
352 http fetch GET 200 https://registry.npmjs.org/@angular/cli/-/cli-21.1.3.tgz 30219ms (cache miss)
353 silly packumentCache corgi:https://registry.npmjs.org/@parcel%2fwatcher cache-miss
354 silly packumentCache corgi:https://registry.npmjs.org/fdir cache-miss
355 silly packumentCache corgi:https://registry.npmjs.org/tinyglobby cache-miss
356 silly packumentCache corgi:https://registry.npmjs.org/vitest cache-miss
357 info run lmdb@3.4.4 install node_modules/lmdb node-gyp-build-optional-packages
358 info run msgpackr-extract@3.0.3 install node_modules/msgpackr-extract node-gyp-build-optional-packages
359 http fetch GET 200 https://registry.npmjs.org/tinyglobby 159ms (cache miss)
360 silly packumentCache corgi:https://registry.npmjs.org/tinyglobby set size:undefined disposed:false
361 http fetch GET 200 https://registry.npmjs.org/fdir 192ms (cache miss)
362 silly packumentCache corgi:https://registry.npmjs.org/fdir set size:undefined disposed:false
363 http fetch GET 200 https://registry.npmjs.org/@parcel%2fwatcher 212ms (cache miss)
364 silly packumentCache corgi:https://registry.npmjs.org/@parcel%2fwatcher set size:undefined disposed:false
365 http fetch GET 200 https://registry.npmjs.org/vitest 300ms (cache miss)
366 silly packumentCache corgi:https://registry.npmjs.org/vitest set size:undefined disposed:false
367 silly packumentCache corgi:https://registry.npmjs.org/sass cache-miss
368 http fetch GET 200 https://registry.npmjs.org/sass 371ms (cache miss)
369 silly packumentCache corgi:https://registry.npmjs.org/sass set size:undefined disposed:false
370 silly packumentCache corgi:https://registry.npmjs.org/@tufjs%2fmodels cache-miss
371 silly packumentCache corgi:https://registry.npmjs.org/glob cache-miss
372 silly packumentCache corgi:https://registry.npmjs.org/ignore-walk cache-miss
373 info run lmdb@3.4.4 install { code: 0, signal: null }
374 info run msgpackr-extract@3.0.3 install { code: 0, signal: null }
375 info run esbuild@0.27.2 postinstall node_modules/esbuild node install.js
376 http fetch GET 200 https://registry.npmjs.org/@tufjs%2fmodels 128ms (cache miss)
377 silly packumentCache corgi:https://registry.npmjs.org/@tufjs%2fmodels set size:undefined disposed:false
378 http fetch GET 200 https://registry.npmjs.org/ignore-walk 130ms (cache miss)
379 silly packumentCache corgi:https://registry.npmjs.org/ignore-walk set size:undefined disposed:false
380 http fetch GET 200 https://registry.npmjs.org/glob 154ms (cache miss)
381 silly packumentCache corgi:https://registry.npmjs.org/glob set size:undefined disposed:false
382 silly packumentCache corgi:https://registry.npmjs.org/router cache-miss
383 http fetch GET 200 https://registry.npmjs.org/router 75ms (cache miss)
384 silly packumentCache corgi:https://registry.npmjs.org/router set size:undefined disposed:false
385 silly packumentCache corgi:https://registry.npmjs.org/body-parser cache-miss
386 silly packumentCache corgi:https://registry.npmjs.org/express cache-miss
387 http fetch GET 200 https://registry.npmjs.org/express 75ms (cache miss)
388 silly packumentCache corgi:https://registry.npmjs.org/express set size:undefined disposed:false
389 http fetch GET 200 https://registry.npmjs.org/body-parser 139ms (cache miss)
390 silly packumentCache corgi:https://registry.npmjs.org/body-parser set size:undefined disposed:false
391 info run esbuild@0.27.2 postinstall { code: 0, signal: null }
392 silly packumentCache corgi:https://registry.npmjs.org/node-gyp cache-miss
393 silly packumentCache corgi:https://registry.npmjs.org/pacote cache-miss
394 http fetch GET 200 https://registry.npmjs.org/node-gyp 543ms (cache miss)
395 silly packumentCache corgi:https://registry.npmjs.org/node-gyp set size:undefined disposed:false
396 http fetch GET 200 https://registry.npmjs.org/pacote 556ms (cache miss)
397 silly packumentCache corgi:https://registry.npmjs.org/pacote set size:undefined disposed:false
398 silly packumentCache corgi:https://registry.npmjs.org/@vitejs%2fplugin-basic-ssl cache-miss
399 silly packumentCache corgi:https://registry.npmjs.org/@vitest%2fmocker cache-miss
400 http fetch GET 200 https://registry.npmjs.org/@vitejs%2fplugin-basic-ssl 220ms (cache miss)
401 silly packumentCache corgi:https://registry.npmjs.org/@vitejs%2fplugin-basic-ssl set size:undefined disposed:false
402 http fetch GET 200 https://registry.npmjs.org/@vitest%2fmocker 268ms (cache miss)
403 silly packumentCache corgi:https://registry.npmjs.org/@vitest%2fmocker set size:undefined disposed:false
404 silly packumentCache corgi:https://registry.npmjs.org/@angular-devkit%2farchitect cache-miss
405 silly packumentCache corgi:https://registry.npmjs.org/@angular-devkit%2fschematics cache-miss
406 silly packumentCache corgi:https://registry.npmjs.org/@angular%2fcli cache-miss
407 silly packumentCache corgi:https://registry.npmjs.org/@schematics%2fangular cache-miss
408 http fetch GET 200 https://registry.npmjs.org/@schematics%2fangular 357ms (cache miss)
409 silly packumentCache corgi:https://registry.npmjs.org/@schematics%2fangular set size:undefined disposed:false
410 http fetch GET 200 https://registry.npmjs.org/@angular-devkit%2fschematics 1286ms (cache miss)
411 silly packumentCache corgi:https://registry.npmjs.org/@angular-devkit%2fschematics set size:undefined disposed:false
412 http fetch GET 200 https://registry.npmjs.org/@angular%2fcli 1333ms (cache miss)
413 silly packumentCache corgi:https://registry.npmjs.org/@angular%2fcli set size:undefined disposed:false
414 http fetch GET 200 https://registry.npmjs.org/@angular-devkit%2farchitect 1382ms (cache miss)
415 silly packumentCache corgi:https://registry.npmjs.org/@angular-devkit%2farchitect set size:undefined disposed:false
416 silly CHANGE node_modules/@npmcli/run-script/node_modules/which
417 silly CHANGE node_modules/@npmcli/promise-spawn/node_modules/which
418 silly CHANGE node_modules/@npmcli/git/node_modules/which
419 silly CHANGE node_modules/@babel/helper-compilation-targets/node_modules/semver
420 silly CHANGE node_modules/@babel/core/node_modules/semver
421 silly CHANGE node_modules/@types/sockjs-client
422 silly CHANGE node_modules/@types/leaflet
423 silly CHANGE node_modules/@types/geojson
424 silly CHANGE node_modules/@stomp/stompjs
425 silly CHANGE node_modules/@npmcli/installed-package-contents
426 silly CHANGE node_modules/@babel/parser
427 silly CHANGE node_modules/@angular-devkit/architect
428 silly CHANGE node_modules/@angular/compiler-cli
429 silly CHANGE node_modules/@angular/cli
430 silly CHANGE node_modules/which
431 silly CHANGE node_modules/why-is-node-running
432 silly CHANGE node_modules/websocket-extensions
433 silly CHANGE node_modules/websocket-driver
434 silly CHANGE node_modules/vitest
435 silly CHANGE node_modules/vite
436 silly CHANGE node_modules/url-parse
437 silly CHANGE node_modules/update-browserslist-db
438 silly CHANGE node_modules/typescript
439 silly CHANGE node_modules/tldts
440 silly CHANGE node_modules/tailwindcss
441 silly ADD node_modules/tailwindcss/node_modules/readdirp
442 silly ADD node_modules/tailwindcss/node_modules/picomatch
443 silly ADD node_modules/tailwindcss/node_modules/chokidar
444 silly ADD node_modules/tailwindcss/node_modules/chokidar/node_modules/glob-parent
445 silly CHANGE node_modules/tailwindcss/node_modules/jiti
446 silly CHANGE node_modules/sucrase
447 silly CHANGE node_modules/sockjs-client
448 silly CHANGE node_modules/sockjs-client/node_modules/eventsource
449 silly CHANGE node_modules/sockjs-client/node_modules/debug
450 silly CHANGE node_modules/sass
451 silly ADD node_modules/sass/node_modules/readdirp
452 silly ADD node_modules/sass/node_modules/chokidar
453 silly CHANGE node_modules/semver
454 silly CHANGE node_modules/safe-buffer
455 silly CHANGE node_modules/rollup
456 silly CHANGE node_modules/rolldown
457 silly CHANGE node_modules/resolve
458 silly CHANGE node_modules/requires-port
459 silly CHANGE node_modules/querystringify
460 silly CHANGE node_modules/pacote
461 silly CHANGE node_modules/nopt
462 silly CHANGE node_modules/node-gyp-build-optional-packages
463 silly CHANGE node_modules/node-gyp
464 silly ADD node_modules/node-gyp/node_modules/isexe
465 silly CHANGE node_modules/node-gyp/node_modules/which
466 silly CHANGE node_modules/nanoid
467 silly CHANGE node_modules/msgpackr-extract
468 silly CHANGE node_modules/lmdb
469 silly CHANGE node_modules/leaflet
470 silly CHANGE node_modules/json5
471 silly CHANGE node_modules/jsesc
472 silly CHANGE node_modules/jiti
473 silly CHANGE node_modules/http-parser-js
474 silly CHANGE node_modules/faye-websocket
475 silly CHANGE node_modules/esbuild
476 silly CHANGE node_modules/cssesc
477 silly CHANGE node_modules/browserslist
478 silly CHANGE node_modules/baseline-browser-mapping
479 silly CHANGE node_modules/autoprefixer
480 verbose cwd C:\Users\neffa\Downloads\Esprit-PI-4sae5-2026-LinguaNova-final\LinguaNova
481 verbose os Windows_NT 10.0.26200
482 verbose node v24.13.1
483 verbose npm  v11.8.0
484 verbose exit 0
485 info ok
