[INFO] Scanning for projects...
[INFO] 
[INFO] -----------------------< tn.esprit:API_Gateway >------------------------
[INFO] Building API_Gateway 0.0.1-SNAPSHOT
[INFO]   from pom.xml
[INFO] --------------------------------[ jar ]---------------------------------
[INFO] 
[INFO] >>> spring-boot:3.4.2:run (default-cli) > test-compile @ API_Gateway >>>
[INFO] 
[INFO] --- resources:3.3.1:resources (default-resources) @ API_Gateway ---
[INFO] Copying 1 resource from src\main\resources to target\classes
[INFO] 
[INFO] --- compiler:3.13.0:compile (default-compile) @ API_Gateway ---
[INFO] Nothing to compile - all classes are up to date.
[INFO] 
[INFO] --- resources:3.3.1:testResources (default-testResources) @ API_Gateway ---
[INFO] skip non existing resourceDirectory C:\Users\neffa\Downloads\Esprit-PI-4sae5-2026-LinguaNova-final\backend\microservices\API_Gateway\src\test\resources
[INFO] 
[INFO] --- compiler:3.13.0:testCompile (default-testCompile) @ API_Gateway ---
[INFO] Nothing to compile - all classes are up to date.
[INFO] 
[INFO] <<< spring-boot:3.4.2:run (default-cli) < test-compile @ API_Gateway <<<
[INFO] 
[INFO] 
[INFO] --- spring-boot:3.4.2:run (default-cli) @ API_Gateway ---
[INFO] Attaching agents: []

  .   ____          _            __ _ _
 /\\ / ___'_ __ _ _(_)_ __  __ _ \ \ \ \
( ( )\___ | '_ | '_| | '_ \/ _` | \ \ \ \
 \\/  ___)| |_)| | | | | || (_| |  ) ) ) )
  '  |____| .__|_| |_|_| |_\__, | / / / /
 =========|_|==============|___/=/_/_/_/

 :: Spring Boot ::                (v3.4.2)

2026-04-16T00:57:22.583+01:00  INFO 10340 --- [API-GATEWAY] [           main] t.e.api_gateway.ApiGatewayApplication    : Starting ApiGatewayApplication using Java 24.0.1 with PID 10340 (C:\Users\neffa\Downloads\Esprit-PI-4sae5-2026-LinguaNova-final\backend\microservices\API_Gateway\target\classes started by neffa in C:\Users\neffa\Downloads\Esprit-PI-4sae5-2026-LinguaNova-final\backend\microservices\API_Gateway)
2026-04-16T00:57:22.586+01:00  INFO 10340 --- [API-GATEWAY] [           main] t.e.api_gateway.ApiGatewayApplication    : No active profile set, falling back to 1 default profile: "default"
2026-04-16T00:57:22.588+01:00 DEBUG 10340 --- [API-GATEWAY] [           main] o.s.boot.SpringApplication               : Loading source class tn.esprit.api_gateway.ApiGatewayApplication
2026-04-16T00:57:22.659+01:00 DEBUG 10340 --- [API-GATEWAY] [           main] onfigReactiveWebServerApplicationContext : Refreshing org.springframework.boot.web.reactive.context.AnnotationConfigReactiveWebServerApplicationContext@4241e0f4
2026-04-16T00:57:23.585+01:00  INFO 10340 --- [API-GATEWAY] [           main] o.s.cloud.context.scope.GenericScope     : BeanFactory id=a78ed770-a481-35c9-b568-8774d62705e5
WARNING: A terminally deprecated method in sun.misc.Unsafe has been called
WARNING: sun.misc.Unsafe::allocateMemory has been called by io.netty.util.internal.PlatformDependent0$2 (file:/C:/Users/neffa/.m2/repository/io/netty/netty-common/4.1.117.Final/netty-common-4.1.117.Final.jar)
WARNING: Please consider reporting this to the maintainers of class io.netty.util.internal.PlatformDependent0$2
WARNING: sun.misc.Unsafe::allocateMemory will be removed in a future release
2026-04-16T00:57:23.937+01:00 DEBUG 10340 --- [API-GATEWAY] [           main] o.s.b.a.AutoConfigurationPackages        : @EnableAutoConfiguration was declared on a class in the package 'tn.esprit.api_gateway'. Automatic @Repository and @Entity scanning is enabled.
2026-04-16T00:57:25.166+01:00  INFO 10340 --- [API-GATEWAY] [           main] o.s.cloud.commons.util.InetUtils         : Cannot determine local hostname
2026-04-16T00:57:25.527+01:00  INFO 10340 --- [API-GATEWAY] [           main] o.s.c.g.r.RouteDefinitionRouteLocator    : Loaded RoutePredicateFactory [After]
2026-04-16T00:57:25.528+01:00  INFO 10340 --- [API-GATEWAY] [           main] o.s.c.g.r.RouteDefinitionRouteLocator    : Loaded RoutePredicateFactory [Before]
2026-04-16T00:57:25.528+01:00  INFO 10340 --- [API-GATEWAY] [           main] o.s.c.g.r.RouteDefinitionRouteLocator    : Loaded RoutePredicateFactory [Between]
2026-04-16T00:57:25.528+01:00  INFO 10340 --- [API-GATEWAY] [           main] o.s.c.g.r.RouteDefinitionRouteLocator    : Loaded RoutePredicateFactory [Cookie]
2026-04-16T00:57:25.529+01:00  INFO 10340 --- [API-GATEWAY] [           main] o.s.c.g.r.RouteDefinitionRouteLocator    : Loaded RoutePredicateFactory [Header]
2026-04-16T00:57:25.529+01:00  INFO 10340 --- [API-GATEWAY] [           main] o.s.c.g.r.RouteDefinitionRouteLocator    : Loaded RoutePredicateFactory [Host]
2026-04-16T00:57:25.529+01:00  INFO 10340 --- [API-GATEWAY] [           main] o.s.c.g.r.RouteDefinitionRouteLocator    : Loaded RoutePredicateFactory [Method]
2026-04-16T00:57:25.529+01:00  INFO 10340 --- [API-GATEWAY] [           main] o.s.c.g.r.RouteDefinitionRouteLocator    : Loaded RoutePredicateFactory [Path]
2026-04-16T00:57:25.530+01:00  INFO 10340 --- [API-GATEWAY] [           main] o.s.c.g.r.RouteDefinitionRouteLocator    : Loaded RoutePredicateFactory [Query]
2026-04-16T00:57:25.530+01:00  INFO 10340 --- [API-GATEWAY] [           main] o.s.c.g.r.RouteDefinitionRouteLocator    : Loaded RoutePredicateFactory [ReadBody]
2026-04-16T00:57:25.530+01:00  INFO 10340 --- [API-GATEWAY] [           main] o.s.c.g.r.RouteDefinitionRouteLocator    : Loaded RoutePredicateFactory [RemoteAddr]
2026-04-16T00:57:25.531+01:00  INFO 10340 --- [API-GATEWAY] [           main] o.s.c.g.r.RouteDefinitionRouteLocator    : Loaded RoutePredicateFactory [XForwardedRemoteAddr]
2026-04-16T00:57:25.531+01:00  INFO 10340 --- [API-GATEWAY] [           main] o.s.c.g.r.RouteDefinitionRouteLocator    : Loaded RoutePredicateFactory [Weight]
2026-04-16T00:57:25.531+01:00  INFO 10340 --- [API-GATEWAY] [           main] o.s.c.g.r.RouteDefinitionRouteLocator    : Loaded RoutePredicateFactory [CloudFoundryRouteService]
2026-04-16T00:57:25.636+01:00 DEBUG 10340 --- [API-GATEWAY] [           main] o.s.w.r.handler.SimpleUrlHandlerMapping  : Patterns [/webjars/**, /**] in 'resourceHandlerMapping'
2026-04-16T00:57:25.681+01:00 DEBUG 10340 --- [API-GATEWAY] [           main] o.s.w.r.r.m.a.ControllerMethodResolver   : ControllerAdvice beans: none
2026-04-16T00:57:25.713+01:00 DEBUG 10340 --- [API-GATEWAY] [           main] o.s.w.s.adapter.HttpWebHandlerAdapter    : enableLoggingRequestDetails='false': form data and headers will be masked to prevent unsafe logging of potentially sensitive data
2026-04-16T00:57:26.812+01:00  INFO 10340 --- [API-GATEWAY] [           main] o.s.cloud.commons.util.InetUtils         : Cannot determine local hostname
2026-04-16T00:57:26.834+01:00  INFO 10340 --- [API-GATEWAY] [           main] DiscoveryClientOptionalArgsConfiguration : Eureka HTTP Client uses RestTemplate.
2026-04-16T00:57:27.854+01:00  INFO 10340 --- [API-GATEWAY] [           main] o.s.cloud.commons.util.InetUtils         : Cannot determine local hostname
2026-04-16T00:57:27.882+01:00  WARN 10340 --- [API-GATEWAY] [           main] iguration$LoadBalancerCaffeineWarnLogger : Spring Cloud LoadBalancer is currently working with the default cache. While this cache implementation is useful for development and tests, it's recommended to use Caffeine cache in production.You can switch to using Caffeine cache, by adding it and org.springframework.cache.caffeine.CaffeineCacheManager to the classpath.
2026-04-16T00:57:27.913+01:00  INFO 10340 --- [API-GATEWAY] [           main] o.s.c.n.eureka.InstanceInfoFactory       : Setting initial instance status as: STARTING
2026-04-16T00:57:27.935+01:00  INFO 10340 --- [API-GATEWAY] [           main] com.netflix.discovery.DiscoveryClient    : Initializing Eureka in region us-east-1
2026-04-16T00:57:27.939+01:00  INFO 10340 --- [API-GATEWAY] [           main] c.n.d.s.r.aws.ConfigClusterResolver      : Resolving eureka endpoints via configuration
2026-04-16T00:57:27.949+01:00  INFO 10340 --- [API-GATEWAY] [           main] com.netflix.discovery.DiscoveryClient    : Disable delta property : false
2026-04-16T00:57:27.950+01:00  INFO 10340 --- [API-GATEWAY] [           main] com.netflix.discovery.DiscoveryClient    : Single vip registry refresh property : null
2026-04-16T00:57:27.950+01:00  INFO 10340 --- [API-GATEWAY] [           main] com.netflix.discovery.DiscoveryClient    : Force full registry fetch : false
2026-04-16T00:57:27.951+01:00  INFO 10340 --- [API-GATEWAY] [           main] com.netflix.discovery.DiscoveryClient    : Application is null : false
2026-04-16T00:57:27.951+01:00  INFO 10340 --- [API-GATEWAY] [           main] com.netflix.discovery.DiscoveryClient    : Registered Applications size is zero : true
2026-04-16T00:57:27.951+01:00  INFO 10340 --- [API-GATEWAY] [           main] com.netflix.discovery.DiscoveryClient    : Application version is -1: true
2026-04-16T00:57:27.952+01:00  INFO 10340 --- [API-GATEWAY] [           main] com.netflix.discovery.DiscoveryClient    : Getting all instance registry info from the eureka server
2026-04-16T00:57:28.145+01:00 DEBUG 10340 --- [API-GATEWAY] [           main] o.s.web.client.RestTemplate              : HTTP GET http://localhost:8761/eureka/apps/
2026-04-16T00:57:28.243+01:00 DEBUG 10340 --- [API-GATEWAY] [           main] o.s.web.client.RestTemplate              : Accept=[application/json, application/*+json]
2026-04-16T00:57:28.460+01:00 DEBUG 10340 --- [API-GATEWAY] [           main] o.s.web.client.RestTemplate              : Response 200 OK
2026-04-16T00:57:28.465+01:00 DEBUG 10340 --- [API-GATEWAY] [           main] o.s.web.client.RestTemplate              : Reading to [org.springframework.cloud.netflix.eureka.http.EurekaApplications]
2026-04-16T00:57:28.491+01:00  INFO 10340 --- [API-GATEWAY] [           main] com.netflix.discovery.DiscoveryClient    : The response status is 200
2026-04-16T00:57:28.492+01:00  INFO 10340 --- [API-GATEWAY] [           main] com.netflix.discovery.DiscoveryClient    : Starting heartbeat executor: renew interval is: 30
2026-04-16T00:57:28.494+01:00  INFO 10340 --- [API-GATEWAY] [           main] c.n.discovery.InstanceInfoReplicator     : InstanceInfoReplicator onDemand update allowed rate per min is 4
2026-04-16T00:57:28.497+01:00  INFO 10340 --- [API-GATEWAY] [           main] com.netflix.discovery.DiscoveryClient    : Discovery Client initialized at timestamp 1776297448496 with initial instances count: 0
2026-04-16T00:57:28.500+01:00  INFO 10340 --- [API-GATEWAY] [           main] o.s.c.n.e.s.EurekaServiceRegistry        : Registering application API-GATEWAY with eureka with status UP
2026-04-16T00:57:28.501+01:00  INFO 10340 --- [API-GATEWAY] [           main] com.netflix.discovery.DiscoveryClient    : Saw local status change event StatusChangeEvent [timestamp=1776297448501, current=UP, previous=STARTING]
2026-04-16T00:57:28.503+01:00  INFO 10340 --- [API-GATEWAY] [foReplicator-%d] com.netflix.discovery.DiscoveryClient    : DiscoveryClient_API-GATEWAY/localhost:API-GATEWAY:8093: registering service...
2026-04-16T00:57:28.506+01:00 DEBUG 10340 --- [API-GATEWAY] [foReplicator-%d] o.s.web.client.RestTemplate              : HTTP POST http://localhost:8761/eureka/apps/API-GATEWAY
2026-04-16T00:57:28.508+01:00 DEBUG 10340 --- [API-GATEWAY] [foReplicator-%d] o.s.web.client.RestTemplate              : Accept=[application/json, application/*+json]
2026-04-16T00:57:28.520+01:00 DEBUG 10340 --- [API-GATEWAY] [foReplicator-%d] o.s.web.client.RestTemplate              : Writing [InstanceInfo [instanceId = localhost:API-GATEWAY:8093, appName = API-GATEWAY, hostName = localhost, status = UP, ipAddr = 192.168.153.1, port = 8093, securePort = 443, dataCenterInfo = com.netflix.appinfo.MyDataCenterInfo@5bb97e86] as "application/json"
2026-04-16T00:57:28.646+01:00 DEBUG 10340 --- [API-GATEWAY] [foReplicator-%d] o.s.web.client.RestTemplate              : Response 204 NO_CONTENT
2026-04-16T00:57:28.647+01:00  INFO 10340 --- [API-GATEWAY] [foReplicator-%d] com.netflix.discovery.DiscoveryClient    : DiscoveryClient_API-GATEWAY/localhost:API-GATEWAY:8093 - registration status: 204
2026-04-16T00:57:28.650+01:00  INFO 10340 --- [API-GATEWAY] [           main] o.s.b.web.embedded.netty.NettyWebServer  : Netty started on port 8093 (http)
2026-04-16T00:57:28.652+01:00  INFO 10340 --- [API-GATEWAY] [           main] .s.c.n.e.s.EurekaAutoServiceRegistration : Updating port to 8093
2026-04-16T00:57:29.666+01:00  INFO 10340 --- [API-GATEWAY] [           main] o.s.cloud.commons.util.InetUtils         : Cannot determine local hostname
2026-04-16T00:57:30.681+01:00  INFO 10340 --- [API-GATEWAY] [           main] o.s.cloud.commons.util.InetUtils         : Cannot determine local hostname
2026-04-16T00:57:30.694+01:00 DEBUG 10340 --- [API-GATEWAY] [           main] .s.b.a.l.ConditionEvaluationReportLogger : 


============================
CONDITIONS EVALUATION REPORT
============================


Positive matches:
-----------------

   AopAutoConfiguration matched:
      - @ConditionalOnProperty (spring.aop.auto=true) matched (OnPropertyCondition)

   AopAutoConfiguration.ClassProxyingConfiguration matched:
      - @ConditionalOnMissingClass did not find unwanted class 'org.aspectj.weaver.Advice' (OnClassCondition)
      - @ConditionalOnProperty (spring.aop.proxy-target-class=true) matched (OnPropertyCondition)

   ApplicationAvailabilityAutoConfiguration#applicationAvailability matched:
      - @ConditionalOnMissingBean (types: org.springframework.boot.availability.ApplicationAvailability; SearchStrategy: all) did not find any beans (OnBeanCondition)

   AutoServiceRegistrationAutoConfiguration matched:
      - @ConditionalOnProperty (spring.cloud.service-registry.auto-registration.enabled) matched (OnPropertyCondition)

   AutoServiceRegistrationConfiguration matched:
      - @ConditionalOnProperty (spring.cloud.service-registry.auto-registration.enabled) matched (OnPropertyCondition)

   BlockingLoadBalancerClientAutoConfiguration matched:
      - @ConditionalOnProperty (spring.cloud.loadbalancer.enabled=true) matched (OnPropertyCondition)
      - AnyNestedCondition 2 matched 0 did not; NestedCondition on BlockingRestClassesPresentCondition.RestClientPresent @ConditionalOnClass found required class 'org.springframework.web.client.RestClient'; NestedCondition on BlockingRestClassesPresentCondition.RestTemplatePresent @ConditionalOnClass found required class 'org.springframework.web.client.RestTemplate' (BlockingRestClassesPresentCondition)

   BlockingLoadBalancerClientAutoConfiguration#blockingLoadBalancerClient matched:
      - @ConditionalOnBean (types: org.springframework.cloud.loadbalancer.support.LoadBalancerClientFactory; SearchStrategy: all) found bean 'loadBalancerClientFactory'; @ConditionalOnMissingBean (types: org.springframework.cloud.client.loadbalancer.LoadBalancerClient; SearchStrategy: all) did not find any beans (OnBeanCondition)

   BlockingLoadBalancerClientAutoConfiguration#loadBalancerServiceInstanceCookieTransformer matched:
      - @ConditionalOnBean (types: org.springframework.cloud.loadbalancer.support.LoadBalancerClientFactory; SearchStrategy: all) found bean 'loadBalancerClientFactory'; @ConditionalOnMissingBean (types: org.springframework.cloud.loadbalancer.core.LoadBalancerServiceInstanceCookieTransformer; SearchStrategy: all) did not find any beans (OnBeanCondition)

   BlockingLoadBalancerClientAutoConfiguration#xForwarderHeadersTransformer matched:
      - @ConditionalOnBean (types: org.springframework.cloud.loadbalancer.support.LoadBalancerClientFactory; SearchStrategy: all) found bean 'loadBalancerClientFactory'; @ConditionalOnMissingBean (types: org.springframework.cloud.loadbalancer.blocking.XForwardedHeadersTransformer; SearchStrategy: all) did not find any beans (OnBeanCondition)

   ClientHttpConnectorAutoConfiguration matched:
      - @ConditionalOnClass found required class 'org.springframework.web.reactive.function.client.WebClient' (OnClassCondition)

   ClientHttpConnectorAutoConfiguration#webClientHttpConnector matched:
      - @ConditionalOnMissingBean (types: org.springframework.http.client.reactive.ClientHttpConnector; SearchStrategy: all) did not find any beans (OnBeanCondition)

   ClientHttpConnectorAutoConfiguration#webClientHttpConnectorCustomizer matched:
      - @ConditionalOnBean (types: org.springframework.http.client.reactive.ClientHttpConnector; SearchStrategy: all) found bean 'webClientHttpConnector' (OnBeanCondition)

   ClientHttpConnectorFactoryConfiguration.ReactorNetty matched:
      - @ConditionalOnClass found required class 'reactor.netty.http.client.HttpClient' (OnClassCondition)
      - @ConditionalOnMissingBean (types: org.springframework.boot.autoconfigure.web.reactive.function.client.ClientHttpConnectorFactory; SearchStrategy: all) did not find any beans (OnBeanCondition)

   CodecsAutoConfiguration matched:
      - @ConditionalOnClass found required classes 'org.springframework.http.codec.CodecConfigurer', 'org.springframework.web.reactive.function.client.WebClient' (OnClassCondition)

   CodecsAutoConfiguration.JacksonCodecConfiguration matched:
      - @ConditionalOnClass found required class 'com.fasterxml.jackson.databind.ObjectMapper' (OnClassCondition)

   CodecsAutoConfiguration.JacksonCodecConfiguration#jacksonCodecCustomizer matched:
      - @ConditionalOnBean (types: com.fasterxml.jackson.databind.ObjectMapper; SearchStrategy: all) found bean 'jacksonObjectMapper' (OnBeanCondition)

   CompatibilityVerifierAutoConfiguration matched:
      - @ConditionalOnProperty (spring.cloud.compatibility-verifier.enabled) matched (OnPropertyCondition)

   ConfigurationPropertiesRebinderAutoConfiguration matched:
      - @ConditionalOnBean (types: org.springframework.boot.context.properties.ConfigurationPropertiesBindingPostProcessor; SearchStrategy: all) found bean 'org.springframework.boot.context.properties.ConfigurationPropertiesBindingPostProcessor' (OnBeanCondition)

   ConfigurationPropertiesRebinderAutoConfiguration#configurationPropertiesBeans matched:
      - @ConditionalOnMissingBean (types: org.springframework.cloud.context.properties.ConfigurationPropertiesBeans; SearchStrategy: current) did not find any beans (OnBeanCondition)

   ConfigurationPropertiesRebinderAutoConfiguration#configurationPropertiesRebinder matched:
      - @ConditionalOnMissingBean (types: org.springframework.cloud.context.properties.ConfigurationPropertiesRebinder; SearchStrategy: current) did not find any beans (OnBeanCondition)

   DiscoveryClientOptionalArgsConfiguration.RestTemplateConfiguration matched:
      - AllNestedConditions 4 matched 0 did not; NestedCondition on DiscoveryClientOptionalArgsConfiguration.OnRestTemplatePresentAndEnabledCondition.OnRestClientDisabled @ConditionalOnProperty (eureka.client.restclient.enabled=false) matched; NestedCondition on DiscoveryClientOptionalArgsConfiguration.OnRestTemplatePresentAndEnabledCondition.OnWebClientDisabled @ConditionalOnProperty (eureka.client.webclient.enabled=false) matched; NestedCondition on DiscoveryClientOptionalArgsConfiguration.OnRestTemplatePresentAndEnabledCondition.OnJerseyClientNotPresentOrNotEnabled AnyNestedCondition 1 matched 1 did not; NestedCondition on DiscoveryClientOptionalArgsConfiguration.OnJerseyClientNotPresentOrNotEnabledCondition.OnJerseyClientDisabled @ConditionalOnProperty (eureka.client.jersey.enabled=false) did not find property 'eureka.client.jersey.enabled'; NestedCondition on DiscoveryClientOptionalArgsConfiguration.OnJerseyClientNotPresentOrNotEnabledCondition.OnJerseyClientMissing @ConditionalOnMissingClass did not find unwanted class 'org.glassfish.jersey.client.JerseyClient'; NestedCondition on DiscoveryClientOptionalArgsConfiguration.OnRestTemplatePresentAndEnabledCondition.OnRestTemplatePresent @ConditionalOnClass found required class 'org.springframework.web.client.RestTemplate' (DiscoveryClientOptionalArgsConfiguration.OnRestTemplatePresentAndEnabledCondition)

   DiscoveryClientOptionalArgsConfiguration.RestTemplateConfiguration#defaultEurekaClientHttpRequestFactorySupplier matched:
      - @ConditionalOnMissingBean (types: org.springframework.cloud.netflix.eureka.http.EurekaClientHttpRequestFactorySupplier; SearchStrategy: all) did not find any beans (OnBeanCondition)

   DiscoveryClientOptionalArgsConfiguration.RestTemplateConfiguration#restTemplateDiscoveryClientOptionalArgs matched:
      - @ConditionalOnMissingBean (types: com.netflix.discovery.AbstractDiscoveryClientOptionalArgs; SearchStrategy: current) did not find any beans (OnBeanCondition)

   DiscoveryClientOptionalArgsConfiguration.RestTemplateConfiguration#restTemplateTransportClientFactories matched:
      - @ConditionalOnMissingBean (types: com.netflix.discovery.shared.transport.jersey.TransportClientFactories; SearchStrategy: current) did not find any beans (OnBeanCondition)

   EmbeddedWebServerFactoryCustomizerAutoConfiguration matched:
      - @ConditionalOnWebApplication (required) found ConfigurableReactiveWebEnvironment (OnWebApplicationCondition)
      - @ConditionalOnWarDeployment the application is not deployed as a WAR file. (OnWarDeploymentCondition)

   EmbeddedWebServerFactoryCustomizerAutoConfiguration.NettyWebServerFactoryCustomizerConfiguration matched:
      - @ConditionalOnClass found required class 'reactor.netty.http.server.HttpServer' (OnClassCondition)

   ErrorWebFluxAutoConfiguration matched:
      - @ConditionalOnClass found required class 'org.springframework.web.reactive.config.WebFluxConfigurer' (OnClassCondition)
      - found ConfigurableReactiveWebEnvironment (OnWebApplicationCondition)

   ErrorWebFluxAutoConfiguration#errorAttributes matched:
      - @ConditionalOnMissingBean (types: org.springframework.boot.web.reactive.error.ErrorAttributes; SearchStrategy: current) did not find any beans (OnBeanCondition)

   ErrorWebFluxAutoConfiguration#errorWebExceptionHandler matched:
      - @ConditionalOnMissingBean (types: org.springframework.boot.web.reactive.error.ErrorWebExceptionHandler; SearchStrategy: current) did not find any beans (OnBeanCondition)

   EurekaClientAutoConfiguration matched:
      - @ConditionalOnClass found required class 'com.netflix.discovery.EurekaClientConfig' (OnClassCondition)
      - @ConditionalOnProperty (eureka.client.enabled) matched; @ConditionalOnProperty (spring.cloud.discovery.enabled) matched (OnPropertyCondition)

   EurekaClientAutoConfiguration#eurekaAutoServiceRegistration matched:
      - @ConditionalOnProperty (spring.cloud.service-registry.auto-registration.enabled) matched (OnPropertyCondition)
      - @ConditionalOnBean (types: org.springframework.cloud.client.serviceregistry.AutoServiceRegistrationProperties; SearchStrategy: all) found bean 'spring.cloud.service-registry.auto-registration-org.springframework.cloud.client.serviceregistry.AutoServiceRegistrationProperties' (OnBeanCondition)

   EurekaClientAutoConfiguration#eurekaClientConfigBean matched:
      - @ConditionalOnMissingBean (types: com.netflix.discovery.EurekaClientConfig; SearchStrategy: current) did not find any beans (OnBeanCondition)

   EurekaClientAutoConfiguration#eurekaInstanceConfigBean matched:
      - @ConditionalOnMissingBean (types: com.netflix.appinfo.EurekaInstanceConfig; SearchStrategy: current) did not find any beans (OnBeanCondition)

   EurekaClientAutoConfiguration#serviceManagementMetadataProvider matched:
      - @ConditionalOnMissingBean (types: org.springframework.cloud.netflix.eureka.metadata.ManagementMetadataProvider; SearchStrategy: all) did not find any beans (OnBeanCondition)

   EurekaClientAutoConfiguration.RefreshableEurekaClientConfiguration matched:
      - @ConditionalOnClass found required class 'org.springframework.cloud.context.scope.refresh.RefreshScope' (OnClassCondition)
      - @ConditionalOnProperty (eureka.client.refresh.enable=true) matched (OnPropertyCondition)
      - @ConditionalOnBean (types: org.springframework.cloud.autoconfigure.RefreshAutoConfiguration; SearchStrategy: all) found bean 'org.springframework.cloud.autoconfigure.RefreshAutoConfiguration' (OnBeanCondition)

   EurekaClientAutoConfiguration.RefreshableEurekaClientConfiguration#eurekaApplicationInfoManager matched:
      - @ConditionalOnMissingBean (types: com.netflix.appinfo.ApplicationInfoManager; SearchStrategy: current) did not find any beans (OnBeanCondition)

   EurekaClientAutoConfiguration.RefreshableEurekaClientConfiguration#eurekaClient matched:
      - @ConditionalOnMissingBean (types: com.netflix.discovery.EurekaClient; SearchStrategy: current) did not find any beans (OnBeanCondition)

   EurekaClientAutoConfiguration.RefreshableEurekaClientConfiguration#eurekaRegistration matched:
      - @ConditionalOnProperty (spring.cloud.service-registry.auto-registration.enabled) matched (OnPropertyCondition)
      - @ConditionalOnBean (types: org.springframework.cloud.client.serviceregistry.AutoServiceRegistrationProperties; SearchStrategy: all) found bean 'spring.cloud.service-registry.auto-registration-org.springframework.cloud.client.serviceregistry.AutoServiceRegistrationProperties' (OnBeanCondition)

   EurekaDiscoveryClientConfiguration matched:
      - @ConditionalOnClass found required class 'com.netflix.discovery.EurekaClientConfig' (OnClassCondition)
      - @ConditionalOnProperty (eureka.client.enabled) matched; @ConditionalOnProperty (spring.cloud.discovery.enabled) matched; @ConditionalOnProperty (spring.cloud.discovery.blocking.enabled) matched (OnPropertyCondition)

   EurekaDiscoveryClientConfiguration#discoveryClient matched:
      - @ConditionalOnMissingBean (types: org.springframework.cloud.netflix.eureka.EurekaDiscoveryClient; SearchStrategy: all) did not find any beans (OnBeanCondition)

   EurekaDiscoveryClientConfiguration.EurekaClientConfigurationRefresher matched:
      - @ConditionalOnClass found required class 'org.springframework.cloud.context.scope.refresh.RefreshScopeRefreshedEvent' (OnClassCondition)

   EurekaReactiveDiscoveryClientConfiguration matched:
      - @ConditionalOnClass found required classes 'com.netflix.discovery.EurekaClientConfig', 'org.springframework.web.reactive.function.client.WebClient' (OnClassCondition)
      - @ConditionalOnProperty (eureka.client.enabled) matched; @ConditionalOnProperty (spring.cloud.discovery.enabled) matched; @ConditionalOnProperty (spring.cloud.discovery.reactive.enabled) matched (OnPropertyCondition)

   EurekaReactiveDiscoveryClientConfiguration#eurekaReactiveDiscoveryClient matched:
      - @ConditionalOnMissingBean (types: org.springframework.cloud.netflix.eureka.reactive.EurekaReactiveDiscoveryClient; SearchStrategy: all) did not find any beans (OnBeanCondition)

   GatewayAutoConfiguration matched:
      - @ConditionalOnClass found required class 'org.springframework.web.reactive.DispatcherHandler' (OnClassCondition)
      - @ConditionalOnProperty (spring.cloud.gateway.enabled) matched (OnPropertyCondition)

   GatewayAutoConfiguration#adaptCachedBodyGlobalFilter matched:
      - matched (OnEnabledGlobalFilter)

   GatewayAutoConfiguration#addRequestHeaderGatewayFilterFactory matched:
      - matched (OnEnabledFilter)

   GatewayAutoConfiguration#addRequestHeadersIfNotPresentGatewayFilterFactory matched:
      - matched (OnEnabledFilter)

   GatewayAutoConfiguration#addRequestParameterGatewayFilterFactory matched:
      - matched (OnEnabledFilter)

   GatewayAutoConfiguration#addResponseHeaderGatewayFilterFactory matched:
      - matched (OnEnabledFilter)

   GatewayAutoConfiguration#afterRoutePredicateFactory matched:
      - matched (OnEnabledPredicate)

   GatewayAutoConfiguration#beforeRoutePredicateFactory matched:
      - matched (OnEnabledPredicate)

   GatewayAutoConfiguration#betweenRoutePredicateFactory matched:
      - matched (OnEnabledPredicate)

   GatewayAutoConfiguration#cacheRequestBodyGatewayFilterFactory matched:
      - matched (OnEnabledFilter)

   GatewayAutoConfiguration#cachedCompositeRouteLocator matched:
      - @ConditionalOnMissingBean (names: cachedCompositeRouteLocator; SearchStrategy: all) did not find any beans (OnBeanCondition)

   GatewayAutoConfiguration#cloudFoundryRouteServiceRoutePredicateFactory matched:
      - matched (OnEnabledPredicate)

   GatewayAutoConfiguration#cookieRoutePredicateFactory matched:
      - matched (OnEnabledPredicate)

   GatewayAutoConfiguration#corsGatewayFilterApplicationListener matched:
      - @ConditionalOnProperty (spring.cloud.gateway.globalcors.enabled) matched (OnPropertyCondition)

   GatewayAutoConfiguration#dedupeResponseHeaderGatewayFilterFactory matched:
      - matched (OnEnabledFilter)

   GatewayAutoConfiguration#filteringWebHandler matched:
      - @ConditionalOnMissingBean (types: org.springframework.cloud.gateway.handler.FilteringWebHandler; SearchStrategy: all) did not find any beans (OnBeanCondition)

   GatewayAutoConfiguration#forwardPathFilter matched:
      - matched (OnEnabledGlobalFilter)

   GatewayAutoConfiguration#forwardRoutingFilter matched:
      - matched (OnEnabledGlobalFilter)

   GatewayAutoConfiguration#forwardedHeadersFilter matched:
      - @ConditionalOnProperty (spring.cloud.gateway.forwarded.enabled) matched (OnPropertyCondition)

   GatewayAutoConfiguration#gRPCRequestHeadersFilter matched:
      - @ConditionalOnProperty (server.http2.enabled) matched (OnPropertyCondition)

   GatewayAutoConfiguration#gRPCResponseHeadersFilter matched:
      - @ConditionalOnProperty (server.http2.enabled) matched (OnPropertyCondition)

   GatewayAutoConfiguration#headerRoutePredicateFactory matched:
      - matched (OnEnabledPredicate)

   GatewayAutoConfiguration#hostRoutePredicateFactory matched:
      - matched (OnEnabledPredicate)

   GatewayAutoConfiguration#inMemoryRouteDefinitionRepository matched:
      - @ConditionalOnMissingBean (types: org.springframework.cloud.gateway.route.RouteDefinitionRepository; SearchStrategy: all) did not find any beans (OnBeanCondition)

   GatewayAutoConfiguration#mapRequestHeaderGatewayFilterFactory matched:
      - matched (OnEnabledFilter)

   GatewayAutoConfiguration#methodRoutePredicateFactory matched:
      - matched (OnEnabledPredicate)

   GatewayAutoConfiguration#modifyRequestBodyGatewayFilterFactory matched:
      - matched (OnEnabledFilter)

   GatewayAutoConfiguration#modifyResponseBodyGatewayFilterFactory matched:
      - matched (OnEnabledFilter)

   GatewayAutoConfiguration#pathRoutePredicateFactory matched:
      - matched (OnEnabledPredicate)

   GatewayAutoConfiguration#prefixPathGatewayFilterFactory matched:
      - matched (OnEnabledFilter)

   GatewayAutoConfiguration#preserveHostHeaderGatewayFilterFactory matched:
      - matched (OnEnabledFilter)

   GatewayAutoConfiguration#propertiesRouteDefinitionLocator matched:
      - @ConditionalOnMissingBean (types: org.springframework.cloud.gateway.config.PropertiesRouteDefinitionLocator; SearchStrategy: all) did not find any beans (OnBeanCondition)

   GatewayAutoConfiguration#queryRoutePredicateFactory matched:
      - matched (OnEnabledPredicate)

   GatewayAutoConfiguration#readBodyPredicateFactory matched:
      - matched (OnEnabledPredicate)

   GatewayAutoConfiguration#redirectToGatewayFilterFactory matched:
      - matched (OnEnabledFilter)

   GatewayAutoConfiguration#remoteAddrRoutePredicateFactory matched:
      - matched (OnEnabledPredicate)

   GatewayAutoConfiguration#removeCachedBodyFilter matched:
      - matched (OnEnabledGlobalFilter)

   GatewayAutoConfiguration#removeJsonAttributesResponseBodyGatewayFilterFactory matched:
      - matched (OnEnabledFilter)

   GatewayAutoConfiguration#removeRequestHeaderGatewayFilterFactory matched:
      - matched (OnEnabledFilter)

   GatewayAutoConfiguration#removeRequestParameterGatewayFilterFactory matched:
      - matched (OnEnabledFilter)

   GatewayAutoConfiguration#removeResponseHeaderGatewayFilterFactory matched:
      - matched (OnEnabledFilter)

   GatewayAutoConfiguration#requestHeaderSizeGatewayFilterFactory matched:
      - matched (OnEnabledFilter)

   GatewayAutoConfiguration#requestHeaderToRequestUriGatewayFilterFactory matched:
      - matched (OnEnabledFilter)

   GatewayAutoConfiguration#requestSizeGatewayFilterFactory matched:
      - matched (OnEnabledFilter)

   GatewayAutoConfiguration#retryGatewayFilterFactory matched:
      - matched (OnEnabledFilter)

   GatewayAutoConfiguration#rewriteLocationResponseHeaderGatewayFilterFactory matched:
      - matched (OnEnabledFilter)

   GatewayAutoConfiguration#rewritePathGatewayFilterFactory matched:
      - matched (OnEnabledFilter)

   GatewayAutoConfiguration#rewriteRequestParameterGatewayFilterFactory matched:
      - matched (OnEnabledFilter)

   GatewayAutoConfiguration#rewriteResponseHeaderGatewayFilterFactory matched:
      - matched (OnEnabledFilter)

   GatewayAutoConfiguration#routePredicateHandlerMapping matched:
      - @ConditionalOnMissingBean (types: org.springframework.cloud.gateway.handler.RoutePredicateHandlerMapping; SearchStrategy: all) did not find any beans (OnBeanCondition)

   GatewayAutoConfiguration#routeRefreshListener matched:
      - @ConditionalOnClass found required class 'org.springframework.cloud.client.discovery.event.HeartbeatMonitor' (OnClassCondition)
      - @ConditionalOnProperty (spring.cloud.gateway..route-refresh-listener.enabled) matched (OnPropertyCondition)

   GatewayAutoConfiguration#routeToRequestUrlFilter matched:
      - matched (OnEnabledGlobalFilter)

   GatewayAutoConfiguration#saveSessionGatewayFilterFactory matched:
      - matched (OnEnabledFilter)

   GatewayAutoConfiguration#secureHeadersGatewayFilterFactory matched:
      - matched (OnEnabledFilter)

   GatewayAutoConfiguration#setPathGatewayFilterFactory matched:
      - matched (OnEnabledFilter)

   GatewayAutoConfiguration#setRequestHeaderGatewayFilterFactory matched:
      - matched (OnEnabledFilter)

   GatewayAutoConfiguration#setRequestHostHeaderGatewayFilterFactory matched:
      - matched (OnEnabledFilter)

   GatewayAutoConfiguration#setResponseHeaderGatewayFilterFactory matched:
      - matched (OnEnabledFilter)

   GatewayAutoConfiguration#setStatusGatewayFilterFactory matched:
      - matched (OnEnabledFilter)

   GatewayAutoConfiguration#stripPrefixGatewayFilterFactory matched:
      - matched (OnEnabledFilter)

   GatewayAutoConfiguration#webSocketService matched:
      - matched (OnEnabledGlobalFilter)

   GatewayAutoConfiguration#websocketRoutingFilter matched:
      - matched (OnEnabledGlobalFilter)

   GatewayAutoConfiguration#weightCalculatorWebFilter matched:
      - matched (OnEnabledPredicate)

   GatewayAutoConfiguration#weightRoutePredicateFactory matched:
      - matched (OnEnabledPredicate)

   GatewayAutoConfiguration#xForwardedHeadersFilter matched:
      - @ConditionalOnProperty (spring.cloud.gateway.x-forwarded.enabled) matched (OnPropertyCondition)

   GatewayAutoConfiguration#xForwardedRemoteAddrRoutePredicateFactory matched:
      - matched (OnEnabledPredicate)

   GatewayAutoConfiguration.NettyConfiguration matched:
      - @ConditionalOnClass found required class 'reactor.netty.http.client.HttpClient' (OnClassCondition)

   GatewayAutoConfiguration.NettyConfiguration#gatewayHttpClientFactory matched:
      - @ConditionalOnMissingBean (types: reactor.netty.http.client.HttpClient,org.springframework.cloud.gateway.config.HttpClientFactory; SearchStrategy: all) did not find any beans (OnBeanCondition)

   GatewayAutoConfiguration.NettyConfiguration#nettyWriteResponseFilter matched:
      - matched (OnEnabledGlobalFilter)

   GatewayAutoConfiguration.NettyConfiguration#reactorNettyRequestUpgradeStrategy matched:
      - matched (OnEnabledGlobalFilter)

   GatewayAutoConfiguration.NettyConfiguration#reactorNettyWebSocketClient matched:
      - matched (OnEnabledGlobalFilter)

   GatewayAutoConfiguration.NettyConfiguration#routingFilter matched:
      - matched (OnEnabledGlobalFilter)

   GatewayClassPathWarningAutoConfiguration matched:
      - @ConditionalOnProperty (spring.cloud.gateway.enabled) matched (OnPropertyCondition)

   GatewayDiscoveryClientAutoConfiguration matched:
      - @ConditionalOnClass found required classes 'org.springframework.web.reactive.DispatcherHandler', 'org.springframework.cloud.client.discovery.composite.CompositeDiscoveryClientAutoConfiguration' (OnClassCondition)
      - @ConditionalOnProperty (spring.cloud.gateway.enabled) matched (OnPropertyCondition)

   GatewayDiscoveryClientAutoConfiguration.ReactiveDiscoveryClientRouteDefinitionLocatorConfiguration matched:
      - @ConditionalOnProperty (spring.cloud.discovery.reactive.enabled) matched (OnPropertyCondition)

   GatewayReactiveLoadBalancerClientAutoConfiguration matched:
      - @ConditionalOnClass found required classes 'org.springframework.cloud.client.loadbalancer.reactive.ReactiveLoadBalancer', 'org.springframework.cloud.loadbalancer.config.LoadBalancerAutoConfiguration', 'org.springframework.web.reactive.DispatcherHandler' (OnClassCondition)

   GatewayReactiveLoadBalancerClientAutoConfiguration#gatewayLoadBalancerClientFilter matched:
      - @ConditionalOnBean (types: org.springframework.cloud.loadbalancer.support.LoadBalancerClientFactory; SearchStrategy: all) found bean 'loadBalancerClientFactory'; @ConditionalOnMissingBean (types: org.springframework.cloud.gateway.filter.ReactiveLoadBalancerClientFilter; SearchStrategy: all) did not find any beans (OnBeanCondition)
      - matched (OnEnabledGlobalFilter)

   GatewayReactiveLoadBalancerClientAutoConfiguration#loadBalancerServiceInstanceCookieFilter matched:
      - @ConditionalOnBean (types: org.springframework.cloud.gateway.filter.ReactiveLoadBalancerClientFilter,org.springframework.cloud.loadbalancer.support.LoadBalancerClientFactory; SearchStrategy: all) found beans 'loadBalancerClientFactory', 'gatewayLoadBalancerClientFilter'; @ConditionalOnMissingBean (types: org.springframework.cloud.gateway.filter.LoadBalancerServiceInstanceCookieFilter; SearchStrategy: all) did not find any beans (OnBeanCondition)
      - matched (OnEnabledGlobalFilter)

   GenericCacheConfiguration matched:
      - Cache org.springframework.boot.autoconfigure.cache.GenericCacheConfiguration automatic cache type (CacheCondition)

   GsonAutoConfiguration matched:
      - @ConditionalOnClass found required class 'com.google.gson.Gson' (OnClassCondition)

   GsonAutoConfiguration#gson matched:
      - @ConditionalOnMissingBean (types: com.google.gson.Gson; SearchStrategy: all) did not find any beans (OnBeanCondition)

   GsonAutoConfiguration#gsonBuilder matched:
      - @ConditionalOnMissingBean (types: com.google.gson.GsonBuilder; SearchStrategy: all) did not find any beans (OnBeanCondition)

   HttpHandlerAutoConfiguration matched:
      - @ConditionalOnClass found required classes 'org.springframework.web.reactive.DispatcherHandler', 'org.springframework.http.server.reactive.HttpHandler' (OnClassCondition)
      - found ConfigurableReactiveWebEnvironment (OnWebApplicationCondition)
      - @ConditionalOnMissingBean (types: org.springframework.http.server.reactive.HttpHandler; SearchStrategy: all) did not find any beans (OnBeanCondition)

   JacksonAutoConfiguration matched:
      - @ConditionalOnClass found required class 'com.fasterxml.jackson.databind.ObjectMapper' (OnClassCondition)

   JacksonAutoConfiguration.Jackson2ObjectMapperBuilderCustomizerConfiguration matched:
      - @ConditionalOnClass found required class 'org.springframework.http.converter.json.Jackson2ObjectMapperBuilder' (OnClassCondition)

   JacksonAutoConfiguration.JacksonObjectMapperBuilderConfiguration matched:
      - @ConditionalOnClass found required class 'org.springframework.http.converter.json.Jackson2ObjectMapperBuilder' (OnClassCondition)

   JacksonAutoConfiguration.JacksonObjectMapperBuilderConfiguration#jacksonObjectMapperBuilder matched:
      - @ConditionalOnMissingBean (types: org.springframework.http.converter.json.Jackson2ObjectMapperBuilder; SearchStrategy: all) did not find any beans (OnBeanCondition)

   JacksonAutoConfiguration.JacksonObjectMapperConfiguration matched:
      - @ConditionalOnClass found required class 'org.springframework.http.converter.json.Jackson2ObjectMapperBuilder' (OnClassCondition)

   JacksonAutoConfiguration.JacksonObjectMapperConfiguration#jacksonObjectMapper matched:
      - @ConditionalOnMissingBean (types: com.fasterxml.jackson.databind.ObjectMapper; SearchStrategy: all) did not find any beans (OnBeanCondition)

   JacksonAutoConfiguration.ParameterNamesModuleConfiguration matched:
      - @ConditionalOnClass found required class 'com.fasterxml.jackson.module.paramnames.ParameterNamesModule' (OnClassCondition)

   JacksonAutoConfiguration.ParameterNamesModuleConfiguration#parameterNamesModule matched:
      - @ConditionalOnMissingBean (types: com.fasterxml.jackson.module.paramnames.ParameterNamesModule; SearchStrategy: all) did not find any beans (OnBeanCondition)

   LifecycleAutoConfiguration#defaultLifecycleProcessor matched:
      - @ConditionalOnMissingBean (names: lifecycleProcessor; SearchStrategy: current) did not find any beans (OnBeanCondition)

   LifecycleMvcEndpointAutoConfiguration#environmentManager matched:
      - @ConditionalOnMissingBean (types: org.springframework.cloud.context.environment.EnvironmentManager; SearchStrategy: all) did not find any beans (OnBeanCondition)

   org.springframework.cloud.client.loadbalancer.LoadBalancerAutoConfiguration matched:
      - AnyNestedCondition 2 matched 0 did not; NestedCondition on BlockingRestClassesPresentCondition.RestClientPresent @ConditionalOnClass found required class 'org.springframework.web.client.RestClient'; NestedCondition on BlockingRestClassesPresentCondition.RestTemplatePresent @ConditionalOnClass found required class 'org.springframework.web.client.RestTemplate' (BlockingRestClassesPresentCondition)
      - @ConditionalOnBean (types: org.springframework.cloud.client.loadbalancer.LoadBalancerClient; SearchStrategy: all) found bean 'blockingLoadBalancerClient' (OnBeanCondition)

   org.springframework.cloud.loadbalancer.config.LoadBalancerAutoConfiguration matched:
      - @ConditionalOnProperty (spring.cloud.loadbalancer.enabled=true) matched (OnPropertyCondition)

   LoadBalancerAutoConfiguration#loadBalancerClientFactory matched:
      - @ConditionalOnMissingBean (types: org.springframework.cloud.loadbalancer.support.LoadBalancerClientFactory; SearchStrategy: all) did not find any beans (OnBeanCondition)

   LoadBalancerAutoConfiguration#loadBalancerRequestFactory matched:
      - @ConditionalOnMissingBean (types: org.springframework.cloud.client.loadbalancer.LoadBalancerRequestFactory; SearchStrategy: all) did not find any beans (OnBeanCondition)

   LoadBalancerAutoConfiguration#zoneConfig matched:
      - @ConditionalOnMissingBean (types: org.springframework.cloud.loadbalancer.config.LoadBalancerZoneConfig; SearchStrategy: all) did not find any beans (OnBeanCondition)

   LoadBalancerAutoConfiguration.DeferringLoadBalancerInterceptorConfig#deferringLoadBalancerInterceptor matched:
      - @ConditionalOnMissingBean (types: org.springframework.cloud.client.loadbalancer.DeferringLoadBalancerInterceptor; SearchStrategy: all) did not find any beans (OnBeanCondition)

   LoadBalancerAutoConfiguration.DeferringLoadBalancerInterceptorConfig#lbRestClientPostProcessor matched:
      - @ConditionalOnBean (types: org.springframework.cloud.client.loadbalancer.DeferringLoadBalancerInterceptor; SearchStrategy: all) found bean 'deferringLoadBalancerInterceptor'; @ConditionalOnMissingBean (types: org.springframework.cloud.client.loadbalancer.LoadBalancerRestClientBuilderBeanPostProcessor; SearchStrategy: all) did not find any beans (OnBeanCondition)

   LoadBalancerAutoConfiguration.DeferringLoadBalancerInterceptorConfig#lbRestTemplateBuilderPostProcessor matched:
      - @ConditionalOnBean (types: org.springframework.cloud.client.loadbalancer.DeferringLoadBalancerInterceptor; SearchStrategy: all) found bean 'deferringLoadBalancerInterceptor'; @ConditionalOnMissingBean (types: org.springframework.cloud.client.loadbalancer.LoadBalancerRestTemplateBuilderBeanPostProcessor; SearchStrategy: all) did not find any beans (OnBeanCondition)

   LoadBalancerAutoConfiguration.LoadBalancerInterceptorConfig matched:
      - AnyNestedCondition 1 matched 1 did not; NestedCondition on LoadBalancerAutoConfiguration.RetryMissingOrDisabledCondition.RetryDisabled @ConditionalOnProperty (spring.cloud.loadbalancer.retry.enabled=false) did not find property 'spring.cloud.loadbalancer.retry.enabled'; NestedCondition on LoadBalancerAutoConfiguration.RetryMissingOrDisabledCondition.RetryTemplateMissing @ConditionalOnMissingClass did not find unwanted class 'org.springframework.retry.support.RetryTemplate' (LoadBalancerAutoConfiguration.RetryMissingOrDisabledCondition)

   LoadBalancerAutoConfiguration.LoadBalancerInterceptorConfig#restTemplateCustomizer matched:
      - @ConditionalOnMissingBean (types: org.springframework.cloud.client.loadbalancer.RestTemplateCustomizer; SearchStrategy: all) did not find any beans (OnBeanCondition)

   LoadBalancerBeanPostProcessorAutoConfiguration matched:
      - @ConditionalOnClass found required class 'org.springframework.web.reactive.function.client.WebClient' (OnClassCondition)
      - AnyNestedCondition 2 matched 0 did not; NestedCondition on LoadBalancerBeanPostProcessorAutoConfiguration.OnAnyLoadBalancerImplementationPresentCondition.LoadBalancerClientPresent @ConditionalOnBean (types: org.springframework.cloud.client.loadbalancer.LoadBalancerClient; SearchStrategy: all) found bean 'blockingLoadBalancerClient'; NestedCondition on LoadBalancerBeanPostProcessorAutoConfiguration.OnAnyLoadBalancerImplementationPresentCondition.ReactiveLoadBalancerFactoryPresent @ConditionalOnBean (types: org.springframework.cloud.client.loadbalancer.reactive.ReactiveLoadBalancer$Factory; SearchStrategy: all) found bean 'loadBalancerClientFactory' (LoadBalancerBeanPostProcessorAutoConfiguration.OnAnyLoadBalancerImplementationPresentCondition)

   LoadBalancerBeanPostProcessorAutoConfiguration.ReactorDeferringLoadBalancerFilterConfig matched:
      - @ConditionalOnBean (types: org.springframework.cloud.client.loadbalancer.reactive.ReactiveLoadBalancer$Factory; SearchStrategy: all) found bean 'loadBalancerClientFactory' (OnBeanCondition)

   LoadBalancerCacheAutoConfiguration matched:
      - @ConditionalOnClass found required classes 'org.springframework.cache.CacheManager', 'org.springframework.boot.autoconfigure.cache.CacheAutoConfiguration' (OnClassCondition)
      - AllNestedConditions 2 matched 0 did not; NestedCondition on LoadBalancerCacheAutoConfiguration.OnLoadBalancerCachingEnabledCondition.LoadBalancerCacheEnabled @ConditionalOnProperty (spring.cloud.loadbalancer.cache.enabled) matched; NestedCondition on LoadBalancerCacheAutoConfiguration.OnLoadBalancerCachingEnabledCondition.LoadBalancerEnabled @ConditionalOnProperty (spring.cloud.loadbalancer.enabled=true) matched (LoadBalancerCacheAutoConfiguration.OnLoadBalancerCachingEnabledCondition)

   LoadBalancerCacheAutoConfiguration.DefaultLoadBalancerCacheManagerConfiguration matched:
      - @ConditionalOnClass found required class 'com.stoyanr.evictor.ConcurrentMapWithTimedEviction' (OnClassCondition)
      - AnyNestedCondition 1 matched 1 did not; NestedCondition on LoadBalancerCacheAutoConfiguration.OnCaffeineCacheMissingCondition.CaffeineCacheManagerClassMissing @ConditionalOnMissingClass found unwanted class 'org.springframework.cache.caffeine.CaffeineCacheManager'; NestedCondition on LoadBalancerCacheAutoConfiguration.OnCaffeineCacheMissingCondition.CaffeineClassMissing @ConditionalOnMissingClass did not find unwanted class 'com.github.benmanes.caffeine.cache.Caffeine' (LoadBalancerCacheAutoConfiguration.OnCaffeineCacheMissingCondition)

   LoadBalancerCacheAutoConfiguration.DefaultLoadBalancerCacheManagerConfiguration#defaultLoadBalancerCacheManager matched:
      - @ConditionalOnMissingBean (types: org.springframework.cloud.loadbalancer.cache.LoadBalancerCacheManager; SearchStrategy: all) did not find any beans (OnBeanCondition)

   LoadBalancerCacheAutoConfiguration.LoadBalancerCacheManagerWarnConfiguration matched:
      - AnyNestedCondition 1 matched 1 did not; NestedCondition on LoadBalancerCacheAutoConfiguration.OnCaffeineCacheMissingCondition.CaffeineCacheManagerClassMissing @ConditionalOnMissingClass found unwanted class 'org.springframework.cache.caffeine.CaffeineCacheManager'; NestedCondition on LoadBalancerCacheAutoConfiguration.OnCaffeineCacheMissingCondition.CaffeineClassMissing @ConditionalOnMissingClass did not find unwanted class 'com.github.benmanes.caffeine.cache.Caffeine' (LoadBalancerCacheAutoConfiguration.OnCaffeineCacheMissingCondition)

   LoadBalancerEurekaAutoConfiguration matched:
      - @ConditionalOnClass found required class 'org.springframework.cloud.loadbalancer.annotation.LoadBalancerClientConfigurationRegistrar' (OnClassCondition)
      - @ConditionalOnProperty (eureka.client.enabled) matched (OnPropertyCondition)

   LoadBalancerEurekaAutoConfiguration#eurekaLoadBalancerProperties matched:
      - @ConditionalOnMissingBean (types: org.springframework.cloud.netflix.eureka.loadbalancer.EurekaLoadBalancerProperties; SearchStrategy: all) did not find any beans (OnBeanCondition)

   NettyAutoConfiguration matched:
      - @ConditionalOnClass found required class 'io.netty.util.NettyRuntime' (OnClassCondition)

   NoOpCacheConfiguration matched:
      - Cache org.springframework.boot.autoconfigure.cache.NoOpCacheConfiguration automatic cache type (CacheCondition)

   PropertyPlaceholderAutoConfiguration#propertySourcesPlaceholderConfigurer matched:
      - @ConditionalOnMissingBean (types: org.springframework.context.support.PropertySourcesPlaceholderConfigurer; SearchStrategy: current) did not find any beans (OnBeanCondition)

   ReactiveCompositeDiscoveryClientAutoConfiguration matched:
      - @ConditionalOnClass found required class 'org.springframework.web.reactive.function.client.WebClient' (OnClassCondition)
      - @ConditionalOnProperty (spring.cloud.discovery.enabled) matched; @ConditionalOnProperty (spring.cloud.discovery.reactive.enabled) matched (OnPropertyCondition)

   ReactiveMultipartAutoConfiguration matched:
      - @ConditionalOnClass found required classes 'org.springframework.http.codec.multipart.DefaultPartHttpMessageReader', 'org.springframework.web.reactive.config.WebFluxConfigurer' (OnClassCondition)
      - found ConfigurableReactiveWebEnvironment (OnWebApplicationCondition)

   ReactiveWebServerFactoryAutoConfiguration matched:
      - @ConditionalOnClass found required class 'org.springframework.http.ReactiveHttpInputMessage' (OnClassCondition)
      - found ConfigurableReactiveWebEnvironment (OnWebApplicationCondition)

   ReactiveWebServerFactoryConfiguration.EmbeddedNetty matched:
      - @ConditionalOnClass found required class 'reactor.netty.http.server.HttpServer' (OnClassCondition)
      - @ConditionalOnMissingBean (types: org.springframework.boot.web.reactive.server.ReactiveWebServerFactory; SearchStrategy: all) did not find any beans (OnBeanCondition)

   ReactorAutoConfiguration matched:
      - @ConditionalOnClass found required class 'reactor.core.publisher.Hooks' (OnClassCondition)

   ReactorLoadBalancerClientAutoConfiguration matched:
      - @ConditionalOnClass found required class 'org.springframework.web.reactive.function.client.WebClient' (OnClassCondition)
      - @ConditionalOnBean (types: org.springframework.cloud.client.loadbalancer.reactive.ReactiveLoadBalancer$Factory; SearchStrategy: all) found bean 'loadBalancerClientFactory' (OnBeanCondition)

   ReactorLoadBalancerClientAutoConfiguration#loadBalancerExchangeFilterFunction matched:
      - @ConditionalOnProperty (spring.cloud.loadbalancer.retry.enabled=false) matched (OnPropertyCondition)
      - @ConditionalOnMissingBean (types: org.springframework.cloud.client.loadbalancer.reactive.ReactorLoadBalancerExchangeFilterFunction; SearchStrategy: all) did not find any beans (OnBeanCondition)

   ReactorNettyConfigurations.ReactorResourceFactoryConfiguration#reactorResourceFactory matched:
      - @ConditionalOnMissingBean (types: org.springframework.http.client.ReactorResourceFactory; SearchStrategy: all) did not find any beans (OnBeanCondition)

   RefreshAutoConfiguration matched:
      - @ConditionalOnClass found required class 'org.springframework.cloud.context.scope.refresh.RefreshScope' (OnClassCondition)
      - @ConditionalOnProperty (spring.cloud.refresh.enabled) matched (OnPropertyCondition)

   RefreshAutoConfiguration#configDataContextRefresher matched:
      - @ConditionalOnMissingBean (types: org.springframework.cloud.context.refresh.ConfigDataContextRefresher; SearchStrategy: all) did not find any beans (OnBeanCondition)
      - NoneNestedConditions 0 matched 3 did not; NestedCondition on ConditionalOnBootstrapDisabled.OnBootstrapDisabledCondition.OnBootstrapEnabled @ConditionalOnProperty (spring.cloud.bootstrap.enabled) did not find property 'spring.cloud.bootstrap.enabled'; NestedCondition on ConditionalOnBootstrapDisabled.OnBootstrapDisabledCondition.OnUseLegacyProcessingEnabled @ConditionalOnProperty (spring.config.use-legacy-processing) did not find property 'spring.config.use-legacy-processing'; NestedCondition on ConditionalOnBootstrapDisabled.OnBootstrapDisabledCondition.OnBootstrapMarkerClassPresent @ConditionalOnClass did not find required class 'org.springframework.cloud.bootstrap.marker.Marker' (ConditionalOnBootstrapDisabled.OnBootstrapDisabledCondition)

   RefreshAutoConfiguration#loggingRebinder matched:
      - @ConditionalOnMissingBean (types: org.springframework.cloud.logging.LoggingRebinder; SearchStrategy: all) did not find any beans (OnBeanCondition)

   RefreshAutoConfiguration#refreshScope matched:
      - @ConditionalOnMissingBean (types: org.springframework.cloud.context.scope.refresh.RefreshScope; SearchStrategy: all) did not find any beans (OnBeanCondition)

   RefreshAutoConfiguration#refreshScopeLifecycle matched:
      - @ConditionalOnProperty (spring.cloud.refresh.on-restart.enabled) matched (OnPropertyCondition)

   SimpleCacheConfiguration matched:
      - Cache org.springframework.boot.autoconfigure.cache.SimpleCacheConfiguration automatic cache type (CacheCondition)

   SimpleDiscoveryClientAutoConfiguration#simpleDiscoveryProperties matched:
      - @ConditionalOnMissingBean (types: org.springframework.cloud.client.discovery.simple.SimpleDiscoveryProperties; SearchStrategy: all) did not find any beans (OnBeanCondition)

   SimpleReactiveDiscoveryClientAutoConfiguration matched:
      - @ConditionalOnClass found required class 'org.springframework.web.reactive.function.client.WebClient' (OnClassCondition)
      - @ConditionalOnProperty (spring.cloud.discovery.enabled) matched; @ConditionalOnProperty (spring.cloud.discovery.reactive.enabled) matched (OnPropertyCondition)

   SimpleUrlHandlerMappingGlobalCorsAutoConfiguration matched:
      - @ConditionalOnClass found required class 'org.springframework.web.reactive.handler.SimpleUrlHandlerMapping' (OnClassCondition)
      - @ConditionalOnProperty (spring.cloud.gateway.globalcors.add-to-simple-url-handler-mapping) matched (OnPropertyCondition)

   SqlInitializationAutoConfiguration matched:
      - @ConditionalOnProperty (spring.sql.init.enabled) matched (OnPropertyCondition)
      - NoneNestedConditions 0 matched 1 did not; NestedCondition on SqlInitializationAutoConfiguration.SqlInitializationModeCondition.ModeIsNever @ConditionalOnProperty (spring.sql.init.mode=never) did not find property 'mode' (SqlInitializationAutoConfiguration.SqlInitializationModeCondition)

   SslAutoConfiguration#sslBundleRegistry matched:
      - @ConditionalOnMissingBean (types: org.springframework.boot.ssl.SslBundleRegistry,org.springframework.boot.ssl.SslBundles; SearchStrategy: all) did not find any beans (OnBeanCondition)

   TaskExecutionAutoConfiguration matched:
      - @ConditionalOnClass found required class 'org.springframework.scheduling.concurrent.ThreadPoolTaskExecutor' (OnClassCondition)

   TaskExecutorConfigurations.SimpleAsyncTaskExecutorBuilderConfiguration#simpleAsyncTaskExecutorBuilder matched:
      - @ConditionalOnMissingBean (types: org.springframework.boot.task.SimpleAsyncTaskExecutorBuilder; SearchStrategy: all) did not find any beans (OnBeanCondition)
      - @ConditionalOnThreading found PLATFORM (OnThreadingCondition)

   TaskExecutorConfigurations.TaskExecutorConfiguration matched:
      - @ConditionalOnMissingBean (types: java.util.concurrent.Executor; SearchStrategy: all) did not find any beans (OnBeanCondition)

   TaskExecutorConfigurations.TaskExecutorConfiguration#applicationTaskExecutor matched:
      - @ConditionalOnThreading found PLATFORM (OnThreadingCondition)

   TaskExecutorConfigurations.ThreadPoolTaskExecutorBuilderConfiguration#threadPoolTaskExecutorBuilder matched:
      - @ConditionalOnMissingBean (types: org.springframework.boot.task.ThreadPoolTaskExecutorBuilder; SearchStrategy: all) did not find any beans (OnBeanCondition)

   TaskSchedulingAutoConfiguration matched:
      - @ConditionalOnClass found required class 'org.springframework.scheduling.concurrent.ThreadPoolTaskScheduler' (OnClassCondition)

   TaskSchedulingConfigurations.SimpleAsyncTaskSchedulerBuilderConfiguration#simpleAsyncTaskSchedulerBuilder matched:
      - @ConditionalOnMissingBean (types: org.springframework.boot.task.SimpleAsyncTaskSchedulerBuilder; SearchStrategy: all) did not find any beans (OnBeanCondition)
      - @ConditionalOnThreading found PLATFORM (OnThreadingCondition)

   TaskSchedulingConfigurations.ThreadPoolTaskSchedulerBuilderConfiguration#threadPoolTaskSchedulerBuilder matched:
      - @ConditionalOnMissingBean (types: org.springframework.boot.task.ThreadPoolTaskSchedulerBuilder; SearchStrategy: all) did not find any beans (OnBeanCondition)

   UtilAutoConfiguration matched:
      - @ConditionalOnProperty (spring.cloud.util.enabled) matched (OnPropertyCondition)

   UtilAutoConfiguration#inetUtils matched:
      - @ConditionalOnMissingBean (types: org.springframework.cloud.commons.util.InetUtils; SearchStrategy: all) did not find any beans (OnBeanCondition)

   ValidationAutoConfiguration matched:
      - @ConditionalOnClass found required class 'jakarta.validation.executable.ExecutableValidator' (OnClassCondition)
      - @ConditionalOnResource found location classpath:META-INF/services/jakarta.validation.spi.ValidationProvider (OnResourceCondition)

   ValidationAutoConfiguration#defaultValidator matched:
      - @ConditionalOnMissingBean (types: jakarta.validation.Validator; SearchStrategy: all) did not find any beans (OnBeanCondition)

   ValidationAutoConfiguration#methodValidationPostProcessor matched:
      - @ConditionalOnMissingBean (types: org.springframework.validation.beanvalidation.MethodValidationPostProcessor; SearchStrategy: current) did not find any beans (OnBeanCondition)

   WebClientAutoConfiguration matched:
      - @ConditionalOnClass found required class 'org.springframework.web.reactive.function.client.WebClient' (OnClassCondition)

   WebClientAutoConfiguration#webClientBuilder matched:
      - @ConditionalOnMissingBean (types: org.springframework.web.reactive.function.client.WebClient$Builder; SearchStrategy: all) did not find any beans (OnBeanCondition)

   WebClientAutoConfiguration#webClientSsl matched:
      - @ConditionalOnBean (types: org.springframework.boot.ssl.SslBundles; SearchStrategy: all) found bean 'sslBundleRegistry'; @ConditionalOnMissingBean (types: org.springframework.boot.autoconfigure.web.reactive.function.client.WebClientSsl; SearchStrategy: all) did not find any beans (OnBeanCondition)

   WebClientAutoConfiguration.WebClientCodecsConfiguration matched:
      - @ConditionalOnBean (types: org.springframework.boot.web.codec.CodecCustomizer; SearchStrategy: all) found beans 'jacksonCodecCustomizer', 'defaultCodecCustomizer', 'defaultPartHttpMessageReaderCustomizer' (OnBeanCondition)

   WebClientAutoConfiguration.WebClientCodecsConfiguration#exchangeStrategiesCustomizer matched:
      - @ConditionalOnMissingBean (types: org.springframework.boot.autoconfigure.web.reactive.function.client.WebClientCodecCustomizer; SearchStrategy: all) did not find any beans (OnBeanCondition)

   WebFluxAutoConfiguration matched:
      - @ConditionalOnClass found required class 'org.springframework.web.reactive.config.WebFluxConfigurer' (OnClassCondition)
      - found ConfigurableReactiveWebEnvironment (OnWebApplicationCondition)
      - @ConditionalOnMissingBean (types: org.springframework.web.reactive.config.WebFluxConfigurationSupport; SearchStrategy: all) did not find any beans (OnBeanCondition)

   WebFluxAutoConfiguration.EnableWebFluxConfiguration#localeContextResolver matched:
      - @ConditionalOnMissingBean (names: localeContextResolver; SearchStrategy: all) did not find any beans (OnBeanCondition)

   WebFluxAutoConfiguration.EnableWebFluxConfiguration#webSessionManager matched:
      - @ConditionalOnMissingBean (names: webSessionManager; SearchStrategy: all) did not find any beans (OnBeanCondition)

   WebSessionIdResolverAutoConfiguration matched:
      - @ConditionalOnClass found required classes 'org.springframework.web.server.session.WebSessionManager', 'reactor.core.publisher.Mono' (OnClassCondition)
      - found ConfigurableReactiveWebEnvironment (OnWebApplicationCondition)

   WebSessionIdResolverAutoConfiguration#webSessionIdResolver matched:
      - @ConditionalOnMissingBean (types: org.springframework.web.server.session.WebSessionIdResolver; SearchStrategy: all) did not find any beans (OnBeanCondition)


Negative matches:
-----------------

   ActiveMQAutoConfiguration:
      Did not match:
         - @ConditionalOnClass did not find required class 'jakarta.jms.ConnectionFactory' (OnClassCondition)

   AopAutoConfiguration.AspectJAutoProxyingConfiguration:
      Did not match:
         - @ConditionalOnClass did not find required class 'org.aspectj.weaver.Advice' (OnClassCondition)

   ArtemisAutoConfiguration:
      Did not match:
         - @ConditionalOnClass did not find required class 'jakarta.jms.ConnectionFactory' (OnClassCondition)

   BatchAutoConfiguration:
      Did not match:
         - @ConditionalOnClass did not find required class 'org.springframework.batch.core.launch.JobLauncher' (OnClassCondition)

   BlockingLoadBalancerClientAutoConfiguration.BlockingLoadBalancerRetryConfig:
      Did not match:
         - @ConditionalOnClass did not find required class 'org.springframework.retry.support.RetryTemplate' (OnClassCondition)

   Cache2kCacheConfiguration:
      Did not match:
         - @ConditionalOnClass did not find required class 'org.cache2k.Cache2kBuilder' (OnClassCondition)

   CacheAutoConfiguration:
      Did not match:
         - @ConditionalOnBean (types: org.springframework.cache.interceptor.CacheAspectSupport; SearchStrategy: all) did not find any beans of type org.springframework.cache.interceptor.CacheAspectSupport (OnBeanCondition)
      Matched:
         - @ConditionalOnClass found required class 'org.springframework.cache.CacheManager' (OnClassCondition)

   CacheAutoConfiguration.CacheManagerEntityManagerFactoryDependsOnPostProcessor:
      Did not match:
         - @ConditionalOnClass did not find required class 'org.springframework.orm.jpa.LocalContainerEntityManagerFactoryBean' (OnClassCondition)
         - Ancestor org.springframework.boot.autoconfigure.cache.CacheAutoConfiguration did not match (ConditionEvaluationReport.AncestorsMatchedCondition)

   CaffeineCacheConfiguration:
      Did not match:
         - @ConditionalOnClass did not find required class 'com.github.benmanes.caffeine.cache.Caffeine' (OnClassCondition)

   CassandraAutoConfiguration:
      Did not match:
         - @ConditionalOnClass did not find required class 'com.datastax.oss.driver.api.core.CqlSession' (OnClassCondition)

   CassandraDataAutoConfiguration:
      Did not match:
         - @ConditionalOnClass did not find required class 'com.datastax.oss.driver.api.core.CqlSession' (OnClassCondition)

   CassandraReactiveDataAutoConfiguration:
      Did not match:
         - @ConditionalOnClass did not find required class 'com.datastax.oss.driver.api.core.CqlSession' (OnClassCondition)

   CassandraReactiveRepositoriesAutoConfiguration:
      Did not match:
         - @ConditionalOnClass did not find required class 'org.springframework.data.cassandra.ReactiveSession' (OnClassCondition)

   CassandraRepositoriesAutoConfiguration:
      Did not match:
         - @ConditionalOnClass did not find required class 'com.datastax.oss.driver.api.core.CqlSession' (OnClassCondition)

   ClientHttpConnectorFactoryConfiguration.HttpClient5:
      Did not match:
         - @ConditionalOnClass did not find required class 'org.apache.hc.core5.reactive.ReactiveResponseConsumer' (OnClassCondition)

   ClientHttpConnectorFactoryConfiguration.JdkClient:
      Did not match:
         - @ConditionalOnMissingBean (types: org.springframework.boot.autoconfigure.web.reactive.function.client.ClientHttpConnectorFactory; SearchStrategy: all) found beans of type 'org.springframework.boot.autoconfigure.web.reactive.function.client.ClientHttpConnectorFactory' reactorClientHttpConnectorFactory (OnBeanCondition)
      Matched:
         - @ConditionalOnClass found required class 'java.net.http.HttpClient' (OnClassCondition)

   CloudHypermediaAutoConfiguration:
      Did not match:
         - @ConditionalOnClass did not find required class 'org.springframework.hateoas.Link' (OnClassCondition)

   CommonsClientAutoConfiguration.ActuatorConfiguration:
      Did not match:
         - @ConditionalOnClass did not find required class 'org.springframework.boot.actuate.endpoint.annotation.Endpoint' (OnClassCondition)

   CommonsClientAutoConfiguration.DiscoveryLoadBalancerConfiguration:
      Did not match:
         - @ConditionalOnClass did not find required class 'org.springframework.boot.actuate.health.HealthIndicator' (OnClassCondition)

   CouchbaseAutoConfiguration:
      Did not match:
         - @ConditionalOnClass did not find required class 'com.couchbase.client.java.Cluster' (OnClassCondition)

   CouchbaseCacheConfiguration:
      Did not match:
         - @ConditionalOnClass did not find required class 'com.couchbase.client.java.Cluster' (OnClassCondition)

   CouchbaseDataAutoConfiguration:
      Did not match:
         - @ConditionalOnClass did not find required class 'com.couchbase.client.java.Bucket' (OnClassCondition)

   CouchbaseReactiveDataAutoConfiguration:
      Did not match:
         - @ConditionalOnClass did not find required class 'com.couchbase.client.java.Cluster' (OnClassCondition)

   CouchbaseReactiveRepositoriesAutoConfiguration:
      Did not match:
         - @ConditionalOnClass did not find required class 'com.couchbase.client.java.Cluster' (OnClassCondition)

   CouchbaseRepositoriesAutoConfiguration:
      Did not match:
         - @ConditionalOnClass did not find required class 'com.couchbase.client.java.Bucket' (OnClassCondition)

   DataSourceAutoConfiguration:
      Did not match:
         - @ConditionalOnClass did not find required class 'org.springframework.jdbc.datasource.embedded.EmbeddedDatabaseType' (OnClassCondition)

   DataSourceInitializationConfiguration:
      Did not match:
         - @ConditionalOnClass did not find required class 'org.springframework.jdbc.datasource.init.DatabasePopulator' (OnClassCondition)

   DataSourceTransactionManagerAutoConfiguration:
      Did not match:
         - @ConditionalOnClass did not find required class 'org.springframework.jdbc.core.JdbcTemplate' (OnClassCondition)

   DiscoveryClientOptionalArgsConfiguration.DiscoveryClientOptionalArgsTlsConfiguration:
      Did not match:
         - AllNestedConditions 1 matched 1 did not; NestedCondition on DiscoveryClientOptionalArgsConfiguration.OnJerseyClientPresentAndEnabledCondition.OnJerseyClientEnabled @ConditionalOnProperty (eureka.client.jersey.enabled) matched; NestedCondition on DiscoveryClientOptionalArgsConfiguration.OnJerseyClientPresentAndEnabledCondition.OnJerseyClientPresent @ConditionalOnClass did not find required class 'org.glassfish.jersey.client.JerseyClient' (DiscoveryClientOptionalArgsConfiguration.OnJerseyClientPresentAndEnabledCondition)

   DiscoveryClientOptionalArgsConfiguration.RestClientConfiguration:
      Did not match:
         - AllNestedConditions 3 matched 1 did not; NestedCondition on DiscoveryClientOptionalArgsConfiguration.OnRestClientPresentAndEnabledCondition.OnRestClientEnabled @ConditionalOnProperty (eureka.client.restclient.enabled=true) did not find property 'restclient.enabled'; NestedCondition on DiscoveryClientOptionalArgsConfiguration.OnRestClientPresentAndEnabledCondition.OnWebClientDisabled @ConditionalOnProperty (eureka.client.webclient.enabled=false) matched; NestedCondition on DiscoveryClientOptionalArgsConfiguration.OnRestClientPresentAndEnabledCondition.OnJerseyClientNotPresentOrNotEnabled AnyNestedCondition 1 matched 1 did not; NestedCondition on DiscoveryClientOptionalArgsConfiguration.OnJerseyClientNotPresentOrNotEnabledCondition.OnJerseyClientDisabled @ConditionalOnProperty (eureka.client.jersey.enabled=false) did not find property 'eureka.client.jersey.enabled'; NestedCondition on DiscoveryClientOptionalArgsConfiguration.OnJerseyClientNotPresentOrNotEnabledCondition.OnJerseyClientMissing @ConditionalOnMissingClass did not find unwanted class 'org.glassfish.jersey.client.JerseyClient'; NestedCondition on DiscoveryClientOptionalArgsConfiguration.OnRestClientPresentAndEnabledCondition.OnRestClientPresent @ConditionalOnClass found required class 'org.springframework.web.client.RestClient' (DiscoveryClientOptionalArgsConfiguration.OnRestClientPresentAndEnabledCondition)

   DiscoveryClientOptionalArgsConfiguration.WebClientConfiguration:
      Did not match:
         - @ConditionalOnProperty (eureka.client.webclient.enabled=true) did not find property 'webclient.enabled' (OnPropertyCondition)
      Matched:
         - @ConditionalOnClass found required class 'org.springframework.web.reactive.function.client.WebClient' (OnClassCondition)

   DiscoveryClientOptionalArgsConfiguration.WebClientNotFoundConfiguration:
      Did not match:
         - @ConditionalOnMissingClass found unwanted class 'org.springframework.web.reactive.function.client.WebClient' (OnClassCondition)

   DispatcherServletAutoConfiguration:
      Did not match:
         - @ConditionalOnClass did not find required class 'org.springframework.web.servlet.DispatcherServlet' (OnClassCondition)

   ElasticsearchClientAutoConfiguration:
      Did not match:
         - @ConditionalOnClass did not find required class 'co.elastic.clients.elasticsearch.ElasticsearchClient' (OnClassCondition)

   ElasticsearchDataAutoConfiguration:
      Did not match:
         - @ConditionalOnClass did not find required class 'org.springframework.data.elasticsearch.client.elc.ElasticsearchTemplate' (OnClassCondition)

   ElasticsearchRepositoriesAutoConfiguration:
      Did not match:
         - @ConditionalOnClass did not find required class 'org.springframework.data.elasticsearch.repository.ElasticsearchRepository' (OnClassCondition)

   ElasticsearchRestClientAutoConfiguration:
      Did not match:
         - @ConditionalOnClass did not find required class 'org.elasticsearch.client.RestClientBuilder' (OnClassCondition)

   EmbeddedLdapAutoConfiguration:
      Did not match:
         - @ConditionalOnClass did not find required class 'com.unboundid.ldap.listener.InMemoryDirectoryServer' (OnClassCondition)

   EmbeddedWebServerFactoryCustomizerAutoConfiguration.JettyWebServerFactoryCustomizerConfiguration:
      Did not match:
         - @ConditionalOnClass did not find required classes 'org.eclipse.jetty.server.Server', 'org.eclipse.jetty.util.Loader', 'org.eclipse.jetty.ee10.webapp.WebAppContext' (OnClassCondition)

   EmbeddedWebServerFactoryCustomizerAutoConfiguration.TomcatWebServerFactoryCustomizerConfiguration:
      Did not match:
         - @ConditionalOnClass did not find required classes 'org.apache.catalina.startup.Tomcat', 'org.apache.coyote.UpgradeProtocol' (OnClassCondition)

   EmbeddedWebServerFactoryCustomizerAutoConfiguration.UndertowWebServerFactoryCustomizerConfiguration:
      Did not match:
         - @ConditionalOnClass did not find required classes 'io.undertow.Undertow', 'org.xnio.SslClientAuthMode' (OnClassCondition)

   ErrorMvcAutoConfiguration:
      Did not match:
         - @ConditionalOnClass did not find required class 'jakarta.servlet.Servlet' (OnClassCondition)

   EurekaClientAutoConfiguration.EurekaClientConfiguration:
      Did not match:
         - AnyNestedCondition 0 matched 3 did not; NestedCondition on EurekaClientAutoConfiguration.OnMissingRefreshScopeCondition.OnPropertyDisabled @ConditionalOnProperty (eureka.client.refresh.enable=false) did not find property 'eureka.client.refresh.enable'; NestedCondition on EurekaClientAutoConfiguration.OnMissingRefreshScopeCondition.MissingScope @ConditionalOnMissingBean (types: org.springframework.cloud.autoconfigure.RefreshAutoConfiguration; SearchStrategy: all) found beans of type 'org.springframework.cloud.autoconfigure.RefreshAutoConfiguration' org.springframework.cloud.autoconfigure.RefreshAutoConfiguration; NestedCondition on EurekaClientAutoConfiguration.OnMissingRefreshScopeCondition.MissingClass @ConditionalOnMissingClass found unwanted class 'org.springframework.cloud.context.scope.refresh.RefreshScope' (EurekaClientAutoConfiguration.OnMissingRefreshScopeCondition)

   EurekaClientAutoConfiguration.EurekaHealthIndicatorConfiguration:
      Did not match:
         - @ConditionalOnClass did not find required class 'org.springframework.boot.actuate.health.Health' (OnClassCondition)

   EurekaClientConfigServerAutoConfiguration:
      Did not match:
         - @ConditionalOnClass did not find required class 'org.springframework.cloud.config.server.config.ConfigServerProperties' (OnClassCondition)

   EurekaDiscoveryClientConfiguration.EurekaHealthCheckHandlerConfiguration:
      Did not match:
         - @ConditionalOnProperty (eureka.client.healthcheck.enabled) did not find property 'eureka.client.healthcheck.enabled' (OnPropertyCondition)

   EurekaReactiveDiscoveryClientConfiguration#eurekaReactiveDiscoveryClientHealthIndicator:
      Did not match:
         - @ConditionalOnClass did not find required class 'org.springframework.boot.actuate.health.ReactiveHealthIndicator' (OnClassCondition)

   FlywayAutoConfiguration:
      Did not match:
         - @ConditionalOnClass did not find required class 'org.flywaydb.core.Flyway' (OnClassCondition)

   FreeMarkerAutoConfiguration:
      Did not match:
         - @ConditionalOnClass did not find required class 'freemarker.template.Configuration' (OnClassCondition)

   GatewayAutoConfiguration#grpcSslConfigurer:
      Did not match:
         - @ConditionalOnClass did not find required class 'io.grpc.Channel' (OnClassCondition)

   GatewayAutoConfiguration#jsonToGRPCFilterFactory:
      Did not match:
         - @ConditionalOnClass did not find required class 'io.grpc.Channel' (OnClassCondition)

   GatewayAutoConfiguration#principalNameKeyResolver:
      Did not match:
         - @ConditionalOnBean (types: org.springframework.cloud.gateway.filter.ratelimit.RateLimiter; SearchStrategy: all) did not find any beans of type org.springframework.cloud.gateway.filter.ratelimit.RateLimiter (OnBeanCondition)

   GatewayAutoConfiguration#requestRateLimiterGatewayFilterFactory:
      Did not match:
         - @ConditionalOnBean (types: org.springframework.cloud.gateway.filter.ratelimit.RateLimiter,org.springframework.cloud.gateway.filter.ratelimit.KeyResolver; SearchStrategy: all) did not find any beans of type org.springframework.cloud.gateway.filter.ratelimit.RateLimiter, org.springframework.cloud.gateway.filter.ratelimit.KeyResolver (OnBeanCondition)

   GatewayAutoConfiguration.GatewayActuatorConfiguration:
      Did not match:
         - @ConditionalOnClass did not find required class 'org.springframework.boot.actuate.health.Health' (OnClassCondition)

   GatewayAutoConfiguration.NettyConfiguration#nettyServerWiretapCustomizer:
      Did not match:
         - @ConditionalOnProperty (spring.cloud.gateway.httpserver.wiretap) did not find property 'spring.cloud.gateway.httpserver.wiretap' (OnPropertyCondition)

   GatewayAutoConfiguration.TokenRelayConfiguration:
      Did not match:
         - @ConditionalOnClass did not find required classes 'org.springframework.security.oauth2.client.OAuth2AuthorizedClient', 'org.springframework.security.web.server.SecurityWebFilterChain' (OnClassCondition)

   GatewayClassPathWarningAutoConfiguration.SpringMvcFoundOnClasspathConfiguration:
      Did not match:
         - @ConditionalOnClass did not find required class 'org.springframework.web.servlet.DispatcherServlet' (OnClassCondition)

   GatewayClassPathWarningAutoConfiguration.WebfluxMissingFromClasspathConfiguration:
      Did not match:
         - @ConditionalOnMissingClass found unwanted class 'org.springframework.web.reactive.DispatcherHandler' (OnClassCondition)

   GatewayDiscoveryClientAutoConfiguration.ReactiveDiscoveryClientRouteDefinitionLocatorConfiguration#discoveryClientRouteDefinitionLocator:
      Did not match:
         - @ConditionalOnProperty (spring.cloud.gateway.discovery.locator.enabled) did not find property 'spring.cloud.gateway.discovery.locator.enabled' (OnPropertyCondition)

   GatewayMetricsAutoConfiguration:
      Did not match:
         - @ConditionalOnClass did not find required class 'io.micrometer.core.instrument.MeterRegistry' (OnClassCondition)

   GatewayNoLoadBalancerClientAutoConfiguration:
      Did not match:
         - @ConditionalOnMissingClass found unwanted class 'org.springframework.cloud.loadbalancer.core.ReactorLoadBalancer' (OnClassCondition)

   GatewayRedisAutoConfiguration:
      Did not match:
         - @ConditionalOnClass did not find required class 'org.springframework.data.redis.core.RedisTemplate' (OnClassCondition)

   GatewayResilience4JCircuitBreakerAutoConfiguration:
      Did not match:
         - @ConditionalOnClass did not find required class 'org.springframework.cloud.circuitbreaker.resilience4j.ReactiveResilience4JAutoConfiguration' (OnClassCondition)

   GraphQlAutoConfiguration:
      Did not match:
         - @ConditionalOnClass did not find required class 'graphql.GraphQL' (OnClassCondition)

   GraphQlQueryByExampleAutoConfiguration:
      Did not match:
         - @ConditionalOnClass did not find required class 'graphql.GraphQL' (OnClassCondition)

   GraphQlQuerydslAutoConfiguration:
      Did not match:
         - @ConditionalOnClass did not find required class 'com.querydsl.core.Query' (OnClassCondition)

   GraphQlRSocketAutoConfiguration:
      Did not match:
         - @ConditionalOnClass did not find required class 'graphql.GraphQL' (OnClassCondition)

   GraphQlReactiveQueryByExampleAutoConfiguration:
      Did not match:
         - @ConditionalOnClass did not find required class 'graphql.GraphQL' (OnClassCondition)

   GraphQlReactiveQuerydslAutoConfiguration:
      Did not match:
         - @ConditionalOnClass did not find required class 'com.querydsl.core.Query' (OnClassCondition)

   GraphQlWebFluxAutoConfiguration:
      Did not match:
         - @ConditionalOnClass did not find required class 'graphql.GraphQL' (OnClassCondition)

   GraphQlWebFluxSecurityAutoConfiguration:
      Did not match:
         - @ConditionalOnClass did not find required class 'graphql.GraphQL' (OnClassCondition)

   GraphQlWebMvcAutoConfiguration:
      Did not match:
         - @ConditionalOnClass did not find required class 'graphql.GraphQL' (OnClassCondition)

   GraphQlWebMvcSecurityAutoConfiguration:
      Did not match:
         - @ConditionalOnClass did not find required class 'graphql.GraphQL' (OnClassCondition)

   GroovyTemplateAutoConfiguration:
      Did not match:
         - @ConditionalOnClass did not find required class 'groovy.text.markup.MarkupTemplateEngine' (OnClassCondition)

   H2ConsoleAutoConfiguration:
      Did not match:
         - @ConditionalOnClass did not find required class 'org.h2.server.web.JakartaWebServlet' (OnClassCondition)

   HazelcastAutoConfiguration:
      Did not match:
         - @ConditionalOnClass did not find required class 'com.hazelcast.core.HazelcastInstance' (OnClassCondition)

   HazelcastCacheConfiguration:
      Did not match:
         - @ConditionalOnClass did not find required class 'com.hazelcast.core.HazelcastInstance' (OnClassCondition)

   HazelcastJpaDependencyAutoConfiguration:
      Did not match:
         - @ConditionalOnClass did not find required class 'com.hazelcast.core.HazelcastInstance' (OnClassCondition)

   HibernateJpaAutoConfiguration:
      Did not match:
         - @ConditionalOnClass did not find required class 'jakarta.persistence.EntityManager' (OnClassCondition)

   HttpClientAutoConfiguration:
      Did not match:
         - NoneNestedConditions 1 matched 0 did not; NestedCondition on NotReactiveWebApplicationCondition.ReactiveWebApplication found ConfigurableReactiveWebEnvironment (NotReactiveWebApplicationCondition)
      Matched:
         - @ConditionalOnClass found required class 'org.springframework.http.client.ClientHttpRequestFactory' (OnClassCondition)

   HttpEncodingAutoConfiguration:
      Did not match:
         - @ConditionalOnClass did not find required class 'org.springframework.web.filter.CharacterEncodingFilter' (OnClassCondition)

   HttpMessageConvertersAutoConfiguration:
      Did not match:
         - NoneNestedConditions 1 matched 0 did not; NestedCondition on HttpMessageConvertersAutoConfiguration.NotReactiveWebApplicationCondition.ReactiveWebApplication found ConfigurableReactiveWebEnvironment (HttpMessageConvertersAutoConfiguration.NotReactiveWebApplicationCondition)
      Matched:
         - @ConditionalOnClass found required class 'org.springframework.http.converter.HttpMessageConverter' (OnClassCondition)

   HypermediaAutoConfiguration:
      Did not match:
         - @ConditionalOnClass did not find required class 'org.springframework.hateoas.EntityModel' (OnClassCondition)

   InfinispanCacheConfiguration:
      Did not match:
         - @ConditionalOnClass did not find required class 'org.infinispan.spring.embedded.provider.SpringEmbeddedCacheManager' (OnClassCondition)

   IntegrationAutoConfiguration:
      Did not match:
         - @ConditionalOnClass did not find required class 'org.springframework.integration.config.EnableIntegration' (OnClassCondition)

   JCacheCacheConfiguration:
      Did not match:
         - @ConditionalOnClass did not find required class 'javax.cache.Caching' (OnClassCondition)

   JdbcClientAutoConfiguration:
      Did not match:
         - @ConditionalOnSingleCandidate did not find required type 'org.springframework.jdbc.core.namedparam.NamedParameterJdbcTemplate' (OnBeanCondition)

   JdbcRepositoriesAutoConfiguration:
      Did not match:
         - @ConditionalOnClass did not find required class 'org.springframework.data.jdbc.repository.config.AbstractJdbcConfiguration' (OnClassCondition)

   JdbcTemplateAutoConfiguration:
      Did not match:
         - @ConditionalOnClass did not find required class 'org.springframework.jdbc.core.JdbcTemplate' (OnClassCondition)

   JerseyAutoConfiguration:
      Did not match:
         - @ConditionalOnClass did not find required class 'jakarta.servlet.ServletRegistration' (OnClassCondition)

   JmsAutoConfiguration:
      Did not match:
         - @ConditionalOnClass did not find required class 'jakarta.jms.Message' (OnClassCondition)

   JmxAutoConfiguration:
      Did not match:
         - @ConditionalOnProperty (spring.jmx.enabled=true) did not find property 'enabled' (OnPropertyCondition)
      Matched:
         - @ConditionalOnClass found required class 'org.springframework.jmx.export.MBeanExporter' (OnClassCondition)

   JndiConnectionFactoryAutoConfiguration:
      Did not match:
         - @ConditionalOnClass did not find required class 'org.springframework.jms.core.JmsTemplate' (OnClassCondition)

   JndiDataSourceAutoConfiguration:
      Did not match:
         - @ConditionalOnClass did not find required class 'org.springframework.jdbc.datasource.embedded.EmbeddedDatabaseType' (OnClassCondition)

   JooqAutoConfiguration:
      Did not match:
         - @ConditionalOnClass did not find required class 'org.jooq.DSLContext' (OnClassCondition)

   JpaRepositoriesAutoConfiguration:
      Did not match:
         - @ConditionalOnClass did not find required class 'org.springframework.data.jpa.repository.JpaRepository' (OnClassCondition)

   JsonbAutoConfiguration:
      Did not match:
         - @ConditionalOnClass did not find required class 'jakarta.json.bind.Jsonb' (OnClassCondition)

   JtaAutoConfiguration:
      Did not match:
         - @ConditionalOnClass did not find required class 'jakarta.transaction.Transaction' (OnClassCondition)

   KafkaAutoConfiguration:
      Did not match:
         - @ConditionalOnClass did not find required class 'org.springframework.kafka.core.KafkaTemplate' (OnClassCondition)

   LdapAutoConfiguration:
      Did not match:
         - @ConditionalOnClass did not find required class 'org.springframework.ldap.core.ContextSource' (OnClassCondition)

   LdapRepositoriesAutoConfiguration:
      Did not match:
         - @ConditionalOnClass did not find required class 'org.springframework.data.ldap.repository.LdapRepository' (OnClassCondition)

   LiquibaseAutoConfiguration:
      Did not match:
         - @ConditionalOnClass did not find required class 'liquibase.change.DatabaseChange' (OnClassCondition)

   LoadBalancerAutoConfiguration.RetryAutoConfiguration:
      Did not match:
         - @ConditionalOnClass did not find required class 'org.springframework.retry.support.RetryTemplate' (OnClassCondition)

   LoadBalancerAutoConfiguration.RetryInterceptorAutoConfiguration:
      Did not match:
         - @ConditionalOnClass did not find required class 'org.springframework.retry.support.RetryTemplate' (OnClassCondition)

   LoadBalancerCacheAutoConfiguration.CaffeineLoadBalancerCacheManagerConfiguration:
      Did not match:
         - @ConditionalOnClass did not find required class 'com.github.benmanes.caffeine.cache.Caffeine' (OnClassCondition)

   LoadBalancerEurekaAutoConfiguration#zoneConfig:
      Did not match:
         - @ConditionalOnMissingBean (types: org.springframework.cloud.loadbalancer.config.LoadBalancerZoneConfig; SearchStrategy: all) found beans of type 'org.springframework.cloud.loadbalancer.config.LoadBalancerZoneConfig' zoneConfig (OnBeanCondition)

   LoadBalancerStatsAutoConfiguration:
      Did not match:
         - @ConditionalOnClass did not find required class 'io.micrometer.core.instrument.MeterRegistry' (OnClassCondition)

   LocalResponseCacheAutoConfiguration:
      Did not match:
         - @ConditionalOnClass did not find required class 'com.github.benmanes.caffeine.cache.Caffeine' (OnClassCondition)

   MailSenderAutoConfiguration:
      Did not match:
         - @ConditionalOnClass did not find required class 'jakarta.activation.MimeType' (OnClassCondition)

   MailSenderValidatorAutoConfiguration:
      Did not match:
         - @ConditionalOnProperty (spring.mail.test-connection) did not find property 'test-connection' (OnPropertyCondition)

   MessageSourceAutoConfiguration:
      Did not match:
         - ResourceBundle did not find bundle with basename messages (MessageSourceAutoConfiguration.ResourceBundleCondition)

   MongoAutoConfiguration:
      Did not match:
         - @ConditionalOnClass did not find required class 'com.mongodb.client.MongoClient' (OnClassCondition)

   MongoDataAutoConfiguration:
      Did not match:
         - @ConditionalOnClass did not find required class 'com.mongodb.client.MongoClient' (OnClassCondition)

   MongoReactiveAutoConfiguration:
      Did not match:
         - @ConditionalOnClass did not find required class 'com.mongodb.reactivestreams.client.MongoClient' (OnClassCondition)

   MongoReactiveDataAutoConfiguration:
      Did not match:
         - @ConditionalOnClass did not find required class 'com.mongodb.reactivestreams.client.MongoClient' (OnClassCondition)

   MongoReactiveRepositoriesAutoConfiguration:
      Did not match:
         - @ConditionalOnClass did not find required class 'com.mongodb.reactivestreams.client.MongoClient' (OnClassCondition)

   MongoRepositoriesAutoConfiguration:
      Did not match:
         - @ConditionalOnClass did not find required class 'com.mongodb.client.MongoClient' (OnClassCondition)

   MultipartAutoConfiguration:
      Did not match:
         - @ConditionalOnClass did not find required class 'jakarta.servlet.MultipartConfigElement' (OnClassCondition)

   MustacheAutoConfiguration:
      Did not match:
         - @ConditionalOnClass did not find required class 'com.samskivert.mustache.Mustache' (OnClassCondition)

   Neo4jAutoConfiguration:
      Did not match:
         - @ConditionalOnClass did not find required class 'org.neo4j.driver.Driver' (OnClassCondition)

   Neo4jDataAutoConfiguration:
      Did not match:
         - @ConditionalOnClass did not find required class 'org.neo4j.driver.Driver' (OnClassCondition)

   Neo4jReactiveDataAutoConfiguration:
      Did not match:
         - @ConditionalOnClass did not find required class 'org.neo4j.driver.Driver' (OnClassCondition)

   Neo4jReactiveRepositoriesAutoConfiguration:
      Did not match:
         - @ConditionalOnClass did not find required class 'org.neo4j.driver.Driver' (OnClassCondition)

   Neo4jRepositoriesAutoConfiguration:
      Did not match:
         - @ConditionalOnClass did not find required class 'org.neo4j.driver.Driver' (OnClassCondition)

   OAuth2AuthorizationServerAutoConfiguration:
      Did not match:
         - @ConditionalOnClass did not find required class 'org.springframework.security.oauth2.server.authorization.OAuth2Authorization' (OnClassCondition)

   OAuth2AuthorizationServerJwtAutoConfiguration:
      Did not match:
         - @ConditionalOnClass did not find required class 'org.springframework.security.oauth2.server.authorization.OAuth2Authorization' (OnClassCondition)

   OAuth2ClientAutoConfiguration:
      Did not match:
         - @ConditionalOnClass did not find required class 'org.springframework.security.config.annotation.web.configuration.EnableWebSecurity' (OnClassCondition)

   OAuth2LoadBalancerClientAutoConfiguration:
      Did not match:
         - @ConditionalOnProperty (spring.cloud.oauth2.load-balanced.enabled) did not find property 'spring.cloud.oauth2.load-balanced.enabled' (OnPropertyCondition)

   OAuth2ResourceServerAutoConfiguration:
      Did not match:
         - @ConditionalOnClass did not find required class 'org.springframework.security.oauth2.server.resource.authentication.BearerTokenAuthenticationToken' (OnClassCondition)

   PersistenceExceptionTranslationAutoConfiguration:
      Did not match:
         - @ConditionalOnClass did not find required class 'org.springframework.dao.annotation.PersistenceExceptionTranslationPostProcessor' (OnClassCondition)

   ProjectInfoAutoConfiguration#buildProperties:
      Did not match:
         - @ConditionalOnResource did not find resource '${spring.info.build.location:classpath:META-INF/build-info.properties}' (OnResourceCondition)

   ProjectInfoAutoConfiguration#gitProperties:
      Did not match:
         - GitResource did not find git info at classpath:git.properties (ProjectInfoAutoConfiguration.GitResourceAvailableCondition)

   PulsarAutoConfiguration:
      Did not match:
         - @ConditionalOnClass did not find required class 'org.apache.pulsar.client.api.PulsarClient' (OnClassCondition)

   PulsarReactiveAutoConfiguration:
      Did not match:
         - @ConditionalOnClass did not find required class 'org.apache.pulsar.client.api.PulsarClient' (OnClassCondition)

   QuartzAutoConfiguration:
      Did not match:
         - @ConditionalOnClass did not find required class 'org.quartz.Scheduler' (OnClassCondition)

   R2dbcAutoConfiguration:
      Did not match:
         - @ConditionalOnClass did not find required class 'io.r2dbc.spi.ConnectionFactory' (OnClassCondition)

   R2dbcDataAutoConfiguration:
      Did not match:
         - @ConditionalOnClass did not find required class 'org.springframework.data.r2dbc.core.R2dbcEntityTemplate' (OnClassCondition)

   R2dbcInitializationConfiguration:
      Did not match:
         - @ConditionalOnClass did not find required classes 'io.r2dbc.spi.ConnectionFactory', 'org.springframework.r2dbc.connection.init.DatabasePopulator' (OnClassCondition)

   R2dbcProxyAutoConfiguration:
      Did not match:
         - @ConditionalOnClass did not find required class 'io.r2dbc.proxy.ProxyConnectionFactory' (OnClassCondition)

   R2dbcRepositoriesAutoConfiguration:
      Did not match:
         - @ConditionalOnClass did not find required class 'io.r2dbc.spi.ConnectionFactory' (OnClassCondition)

   R2dbcTransactionManagerAutoConfiguration:
      Did not match:
         - @ConditionalOnClass did not find required class 'org.springframework.r2dbc.connection.R2dbcTransactionManager' (OnClassCondition)

   RSocketGraphQlClientAutoConfiguration:
      Did not match:
         - @ConditionalOnClass did not find required class 'graphql.GraphQL' (OnClassCondition)

   RSocketMessagingAutoConfiguration:
      Did not match:
         - @ConditionalOnClass did not find required class 'io.rsocket.RSocket' (OnClassCondition)

   RSocketRequesterAutoConfiguration:
      Did not match:
         - @ConditionalOnClass did not find required class 'io.rsocket.RSocket' (OnClassCondition)

   RSocketSecurityAutoConfiguration:
      Did not match:
         - @ConditionalOnClass did not find required class 'org.springframework.security.rsocket.core.SecuritySocketAcceptorInterceptor' (OnClassCondition)

   RSocketServerAutoConfiguration:
      Did not match:
         - @ConditionalOnClass did not find required class 'io.rsocket.core.RSocketServer' (OnClassCondition)

   RSocketStrategiesAutoConfiguration:
      Did not match:
         - @ConditionalOnClass did not find required class 'io.rsocket.RSocket' (OnClassCondition)

   RabbitAutoConfiguration:
      Did not match:
         - @ConditionalOnClass did not find required class 'com.rabbitmq.client.Channel' (OnClassCondition)

   ReactiveCommonsClientAutoConfiguration.ReactiveDiscoveryLoadBalancerConfiguration:
      Did not match:
         - @ConditionalOnClass did not find required class 'org.springframework.boot.actuate.health.ReactiveHealthIndicator' (OnClassCondition)

   ReactiveElasticsearchClientAutoConfiguration:
      Did not match:
         - @ConditionalOnClass did not find required class 'co.elastic.clients.transport.ElasticsearchTransport' (OnClassCondition)

   ReactiveElasticsearchRepositoriesAutoConfiguration:
      Did not match:
         - @ConditionalOnClass did not find required class 'org.springframework.data.elasticsearch.client.elc.ReactiveElasticsearchClient' (OnClassCondition)

   ReactiveOAuth2ClientAutoConfiguration:
      Did not match:
         - @ConditionalOnClass did not find required class 'org.springframework.security.config.annotation.web.reactive.EnableWebFluxSecurity' (OnClassCondition)

   ReactiveOAuth2ResourceServerAutoConfiguration:
      Did not match:
         - @ConditionalOnClass did not find required class 'org.springframework.security.config.annotation.web.reactive.EnableWebFluxSecurity' (OnClassCondition)

   ReactiveSecurityAutoConfiguration:
      Did not match:
         - @ConditionalOnClass did not find required class 'org.springframework.security.config.annotation.web.reactive.EnableWebFluxSecurity' (OnClassCondition)

   ReactiveUserDetailsServiceAutoConfiguration:
      Did not match:
         - @ConditionalOnClass did not find required class 'org.springframework.security.authentication.ReactiveAuthenticationManager' (OnClassCondition)

   ReactiveWebServerFactoryAutoConfiguration#forwardedHeaderTransformer:
      Did not match:
         - @ConditionalOnProperty (server.forward-headers-strategy=framework) did not find property 'server.forward-headers-strategy' (OnPropertyCondition)

   ReactiveWebServerFactoryAutoConfiguration#tomcatReactiveWebServerFactoryCustomizer:
      Did not match:
         - @ConditionalOnClass did not find required class 'org.apache.catalina.startup.Tomcat' (OnClassCondition)

   ReactiveWebServerFactoryConfiguration.EmbeddedJetty:
      Did not match:
         - @ConditionalOnClass did not find required classes 'org.eclipse.jetty.server.Server', 'org.eclipse.jetty.ee10.servlet.ServletHolder' (OnClassCondition)

   ReactiveWebServerFactoryConfiguration.EmbeddedTomcat:
      Did not match:
         - @ConditionalOnClass did not find required class 'org.apache.catalina.startup.Tomcat' (OnClassCondition)

   ReactiveWebServerFactoryConfiguration.EmbeddedUndertow:
      Did not match:
         - @ConditionalOnClass did not find required class 'io.undertow.Undertow' (OnClassCondition)

   ReactorLoadBalancerClientAutoConfiguration#loadBalancerRetryPolicy:
      Did not match:
         - @ConditionalOnProperty (spring.cloud.loadbalancer.retry.enabled=true) did not find property 'spring.cloud.loadbalancer.retry.enabled' (OnPropertyCondition)

   ReactorLoadBalancerClientAutoConfiguration#retryableLoadBalancerExchangeFilterFunction:
      Did not match:
         - @ConditionalOnProperty (spring.cloud.loadbalancer.retry.enabled=true) did not find property 'spring.cloud.loadbalancer.retry.enabled' (OnPropertyCondition)

   RedisAutoConfiguration:
      Did not match:
         - @ConditionalOnClass did not find required class 'org.springframework.data.redis.core.RedisOperations' (OnClassCondition)

   RedisCacheConfiguration:
      Did not match:
         - @ConditionalOnClass did not find required class 'org.springframework.data.redis.connection.RedisConnectionFactory' (OnClassCondition)

   RedisReactiveAutoConfiguration:
      Did not match:
         - @ConditionalOnClass did not find required class 'org.springframework.data.redis.connection.ReactiveRedisConnectionFactory' (OnClassCondition)

   RedisRepositoriesAutoConfiguration:
      Did not match:
         - @ConditionalOnClass did not find required class 'org.springframework.data.redis.repository.configuration.EnableRedisRepositories' (OnClassCondition)

   RefreshAutoConfiguration#legacyContextRefresher:
      Did not match:
         - AnyNestedCondition 0 matched 3 did not; NestedCondition on ConditionalOnBootstrapEnabled.OnBootstrapEnabledCondition.OnBootstrapEnabled @ConditionalOnProperty (spring.cloud.bootstrap.enabled) did not find property 'spring.cloud.bootstrap.enabled'; NestedCondition on ConditionalOnBootstrapEnabled.OnBootstrapEnabledCondition.OnUseLegacyProcessingEnabled @ConditionalOnProperty (spring.config.use-legacy-processing) did not find property 'spring.config.use-legacy-processing'; NestedCondition on ConditionalOnBootstrapEnabled.OnBootstrapEnabledCondition.OnBootstrapMarkerClassPresent @ConditionalOnClass did not find required class 'org.springframework.cloud.bootstrap.marker.Marker' (ConditionalOnBootstrapEnabled.OnBootstrapEnabledCondition)

   RefreshAutoConfiguration.JpaInvokerConfiguration:
      Did not match:
         - @ConditionalOnClass did not find required class 'javax.persistence.EntityManagerFactory' (OnClassCondition)

   RefreshEndpointAutoConfiguration:
      Did not match:
         - @ConditionalOnClass did not find required class 'org.springframework.boot.actuate.autoconfigure.endpoint.EndpointAutoConfiguration' (OnClassCondition)

   RepositoryRestMvcAutoConfiguration:
      Did not match:
         - @ConditionalOnClass did not find required class 'org.springframework.data.rest.webmvc.config.RepositoryRestMvcConfiguration' (OnClassCondition)

   ResourceServerTokenRelayAutoConfiguration:
      Did not match:
         - @ConditionalOnClass did not find required class 'org.springframework.web.servlet.config.annotation.WebMvcConfigurer' (OnClassCondition)

   RestClientAutoConfiguration:
      Did not match:
         - NoneNestedConditions 1 matched 0 did not; NestedCondition on NotReactiveWebApplicationCondition.ReactiveWebApplication found ConfigurableReactiveWebEnvironment (NotReactiveWebApplicationCondition)
      Matched:
         - @ConditionalOnClass found required class 'org.springframework.web.client.RestClient' (OnClassCondition)

   RestTemplateAutoConfiguration:
      Did not match:
         - NoneNestedConditions 1 matched 0 did not; NestedCondition on NotReactiveWebApplicationCondition.ReactiveWebApplication found ConfigurableReactiveWebEnvironment (NotReactiveWebApplicationCondition)
      Matched:
         - @ConditionalOnClass found required class 'org.springframework.web.client.RestTemplate' (OnClassCondition)

   Saml2RelyingPartyAutoConfiguration:
      Did not match:
         - @ConditionalOnClass did not find required class 'org.springframework.security.saml2.provider.service.registration.RelyingPartyRegistrationRepository' (OnClassCondition)

   SecurityAutoConfiguration:
      Did not match:
         - @ConditionalOnClass did not find required class 'org.springframework.security.authentication.DefaultAuthenticationEventPublisher' (OnClassCondition)

   SecurityFilterAutoConfiguration:
      Did not match:
         - @ConditionalOnClass did not find required class 'org.springframework.security.config.http.SessionCreationPolicy' (OnClassCondition)

   SendGridAutoConfiguration:
      Did not match:
         - @ConditionalOnClass did not find required class 'com.sendgrid.SendGrid' (OnClassCondition)

   ServiceRegistryAutoConfiguration.ServiceRegistryEndpointConfiguration:
      Did not match:
         - @ConditionalOnClass did not find required class 'org.springframework.boot.actuate.endpoint.annotation.Endpoint' (OnClassCondition)

   ServletWebServerFactoryAutoConfiguration:
      Did not match:
         - @ConditionalOnClass did not find required class 'jakarta.servlet.ServletRequest' (OnClassCondition)

   SessionAutoConfiguration:
      Did not match:
         - @ConditionalOnClass did not find required class 'org.springframework.session.Session' (OnClassCondition)

   SimpleReactiveDiscoveryClientAutoConfiguration.HealthConfiguration:
      Did not match:
         - @ConditionalOnClass did not find required class 'org.springframework.boot.actuate.health.ReactiveHealthIndicator' (OnClassCondition)

   SpringApplicationAdminJmxAutoConfiguration:
      Did not match:
         - @ConditionalOnProperty (spring.application.admin.enabled=true) did not find property 'enabled' (OnPropertyCondition)

   SpringDataWebAutoConfiguration:
      Did not match:
         - @ConditionalOnClass did not find required class 'org.springframework.data.web.PageableHandlerMethodArgumentResolver' (OnClassCondition)

   TaskExecutorConfigurations.SimpleAsyncTaskExecutorBuilderConfiguration#simpleAsyncTaskExecutorBuilderVirtualThreads:
      Did not match:
         - @ConditionalOnMissingBean (types: org.springframework.boot.task.SimpleAsyncTaskExecutorBuilder; SearchStrategy: all) found beans of type 'org.springframework.boot.task.SimpleAsyncTaskExecutorBuilder' simpleAsyncTaskExecutorBuilder (OnBeanCondition)

   TaskExecutorConfigurations.TaskExecutorConfiguration#applicationTaskExecutorVirtualThreads:
      Did not match:
         - @ConditionalOnThreading did not find VIRTUAL (OnThreadingCondition)

   TaskSchedulingAutoConfiguration#scheduledBeanLazyInitializationExcludeFilter:
      Did not match:
         - @ConditionalOnBean (names: org.springframework.context.annotation.internalScheduledAnnotationProcessor; SearchStrategy: all) did not find any beans named org.springframework.context.annotation.internalScheduledAnnotationProcessor (OnBeanCondition)

   TaskSchedulingConfigurations.SimpleAsyncTaskSchedulerBuilderConfiguration#simpleAsyncTaskSchedulerBuilderVirtualThreads:
      Did not match:
         - @ConditionalOnMissingBean (types: org.springframework.boot.task.SimpleAsyncTaskSchedulerBuilder; SearchStrategy: all) found beans of type 'org.springframework.boot.task.SimpleAsyncTaskSchedulerBuilder' simpleAsyncTaskSchedulerBuilder (OnBeanCondition)

   TaskSchedulingConfigurations.TaskSchedulerConfiguration:
      Did not match:
         - @ConditionalOnBean (names: org.springframework.context.annotation.internalScheduledAnnotationProcessor; SearchStrategy: all) did not find any beans named org.springframework.context.annotation.internalScheduledAnnotationProcessor (OnBeanCondition)

   ThymeleafAutoConfiguration:
      Did not match:
         - @ConditionalOnClass did not find required class 'org.thymeleaf.spring6.SpringTemplateEngine' (OnClassCondition)

   TransactionAutoConfiguration:
      Did not match:
         - @ConditionalOnClass did not find required class 'org.springframework.transaction.PlatformTransactionManager' (OnClassCondition)

   TransactionManagerCustomizationAutoConfiguration:
      Did not match:
         - @ConditionalOnClass did not find required class 'org.springframework.transaction.PlatformTransactionManager' (OnClassCondition)

   UserDetailsServiceAutoConfiguration:
      Did not match:
         - @ConditionalOnClass did not find required class 'org.springframework.security.authentication.AuthenticationManager' (OnClassCondition)

   WebFluxAutoConfiguration#hiddenHttpMethodFilter:
      Did not match:
         - @ConditionalOnProperty (spring.webflux.hiddenmethod.filter.enabled) found different value in property 'enabled' (OnPropertyCondition)

   WebFluxAutoConfiguration.ProblemDetailsErrorHandlingConfiguration:
      Did not match:
         - @ConditionalOnProperty (spring.webflux.problemdetails.enabled=true) did not find property 'enabled' (OnPropertyCondition)

   WebFluxAutoConfiguration.ResourceChainCustomizerConfiguration:
      Did not match:
         - @ConditionalOnEnabledResourceChain did not find class org.webjars.WebJarVersionLocator (OnEnabledResourceChainCondition)

   WebMvcAutoConfiguration:
      Did not match:
         - @ConditionalOnClass did not find required class 'jakarta.servlet.Servlet' (OnClassCondition)

   WebServiceTemplateAutoConfiguration:
      Did not match:
         - @ConditionalOnClass did not find required class 'org.springframework.oxm.Marshaller' (OnClassCondition)

   WebServicesAutoConfiguration:
      Did not match:
         - @ConditionalOnClass did not find required class 'org.springframework.ws.transport.http.MessageDispatcherServlet' (OnClassCondition)

   WebSocketMessagingAutoConfiguration:
      Did not match:
         - @ConditionalOnClass did not find required class 'org.springframework.web.socket.config.annotation.WebSocketMessageBrokerConfigurer' (OnClassCondition)

   WebSocketReactiveAutoConfiguration:
      Did not match:
         - @ConditionalOnClass did not find required class 'jakarta.servlet.Servlet' (OnClassCondition)

   WebSocketServletAutoConfiguration:
      Did not match:
         - @ConditionalOnClass did not find required class 'jakarta.servlet.Servlet' (OnClassCondition)

   WritableEnvironmentEndpointAutoConfiguration:
      Did not match:
         - @ConditionalOnClass did not find required class 'org.springframework.boot.actuate.autoconfigure.env.EnvironmentEndpointProperties' (OnClassCondition)

   XADataSourceAutoConfiguration:
      Did not match:
         - @ConditionalOnClass did not find required class 'jakarta.transaction.TransactionManager' (OnClassCondition)


Exclusions:
-----------

    None


Unconditional classes:
----------------------

    org.springframework.boot.autoconfigure.context.ConfigurationPropertiesAutoConfiguration

    org.springframework.cloud.client.ReactiveCommonsClientAutoConfiguration

    org.springframework.boot.autoconfigure.ssl.SslAutoConfiguration

    org.springframework.cloud.client.discovery.simple.SimpleDiscoveryClientAutoConfiguration

    org.springframework.boot.autoconfigure.context.PropertyPlaceholderAutoConfiguration

    org.springframework.boot.autoconfigure.context.LifecycleAutoConfiguration

    org.springframework.cloud.client.CommonsClientAutoConfiguration

    org.springframework.cloud.commons.config.CommonsConfigAutoConfiguration

    org.springframework.cloud.netflix.eureka.config.DiscoveryClientOptionalArgsConfiguration

    org.springframework.cloud.client.loadbalancer.LoadBalancerDefaultMappingsProviderAutoConfiguration

    org.springframework.cloud.client.discovery.composite.CompositeDiscoveryClientAutoConfiguration

    org.springframework.cloud.client.serviceregistry.ServiceRegistryAutoConfiguration

    org.springframework.cloud.autoconfigure.LifecycleMvcEndpointAutoConfiguration

    org.springframework.boot.autoconfigure.availability.ApplicationAvailabilityAutoConfiguration

    org.springframework.boot.autoconfigure.info.ProjectInfoAutoConfiguration



2026-04-16T00:57:30.704+01:00  INFO 10340 --- [API-GATEWAY] [           main] t.e.api_gateway.ApiGatewayApplication    : Started ApiGatewayApplication in 9.96 seconds (process running for 11.52)
2026-04-16T00:57:30.706+01:00 DEBUG 10340 --- [API-GATEWAY] [           main] o.s.b.a.ApplicationAvailabilityBean      : Application availability state LivenessState changed to CORRECT
2026-04-16T00:57:30.708+01:00 DEBUG 10340 --- [API-GATEWAY] [           main] o.s.b.a.ApplicationAvailabilityBean      : Application availability state ReadinessState changed to ACCEPTING_TRAFFIC
2026-04-16T00:57:58.494+01:00  INFO 10340 --- [API-GATEWAY] [reshExecutor-%d] com.netflix.discovery.DiscoveryClient    : Disable delta property : false
2026-04-16T00:57:58.494+01:00  INFO 10340 --- [API-GATEWAY] [reshExecutor-%d] com.netflix.discovery.DiscoveryClient    : Single vip registry refresh property : null
2026-04-16T00:57:58.495+01:00  INFO 10340 --- [API-GATEWAY] [reshExecutor-%d] com.netflix.discovery.DiscoveryClient    : Force full registry fetch : false
2026-04-16T00:57:58.495+01:00 DEBUG 10340 --- [API-GATEWAY] [beatExecutor-%d] o.s.web.client.RestTemplate              : HTTP PUT http://localhost:8761/eureka/apps/API-GATEWAY/localhost:API-GATEWAY:8093?status=UP&lastDirtyTimestamp=1776297448501
2026-04-16T00:57:58.495+01:00  INFO 10340 --- [API-GATEWAY] [reshExecutor-%d] com.netflix.discovery.DiscoveryClient    : Application is null : false
2026-04-16T00:57:58.495+01:00  INFO 10340 --- [API-GATEWAY] [reshExecutor-%d] com.netflix.discovery.DiscoveryClient    : Registered Applications size is zero : true
2026-04-16T00:57:58.497+01:00  INFO 10340 --- [API-GATEWAY] [reshExecutor-%d] com.netflix.discovery.DiscoveryClient    : Application version is -1: false
2026-04-16T00:57:58.497+01:00  INFO 10340 --- [API-GATEWAY] [reshExecutor-%d] com.netflix.discovery.DiscoveryClient    : Getting all instance registry info from the eureka server
2026-04-16T00:57:58.497+01:00 DEBUG 10340 --- [API-GATEWAY] [reshExecutor-%d] o.s.web.client.RestTemplate              : HTTP GET http://localhost:8761/eureka/apps/
2026-04-16T00:57:58.498+01:00 DEBUG 10340 --- [API-GATEWAY] [reshExecutor-%d] o.s.web.client.RestTemplate              : Accept=[application/json, application/*+json]
2026-04-16T00:57:58.505+01:00 DEBUG 10340 --- [API-GATEWAY] [beatExecutor-%d] o.s.web.client.RestTemplate              : Accept=[application/json, application/*+json]
2026-04-16T00:57:58.506+01:00 DEBUG 10340 --- [API-GATEWAY] [reshExecutor-%d] o.s.web.client.RestTemplate              : Response 200 OK
2026-04-16T00:57:58.507+01:00 DEBUG 10340 --- [API-GATEWAY] [reshExecutor-%d] o.s.web.client.RestTemplate              : Reading to [org.springframework.cloud.netflix.eureka.http.EurekaApplications]
2026-04-16T00:57:58.519+01:00  INFO 10340 --- [API-GATEWAY] [reshExecutor-%d] com.netflix.discovery.DiscoveryClient    : The response status is 200
2026-04-16T00:57:58.521+01:00 DEBUG 10340 --- [API-GATEWAY] [beatExecutor-%d] o.s.web.client.RestTemplate              : Response 200 OK
2026-04-16T00:58:28.535+01:00 DEBUG 10340 --- [API-GATEWAY] [beatExecutor-%d] o.s.web.client.RestTemplate              : HTTP PUT http://localhost:8761/eureka/apps/API-GATEWAY/localhost:API-GATEWAY:8093?status=UP&lastDirtyTimestamp=1776297448501
2026-04-16T00:58:28.535+01:00 DEBUG 10340 --- [API-GATEWAY] [reshExecutor-%d] o.s.web.client.RestTemplate              : HTTP GET http://localhost:8761/eureka/apps/delta
2026-04-16T00:58:28.536+01:00 DEBUG 10340 --- [API-GATEWAY] [beatExecutor-%d] o.s.web.client.RestTemplate              : Accept=[application/json, application/*+json]
2026-04-16T00:58:28.537+01:00 DEBUG 10340 --- [API-GATEWAY] [reshExecutor-%d] o.s.web.client.RestTemplate              : Accept=[application/json, application/*+json]
2026-04-16T00:58:28.557+01:00 DEBUG 10340 --- [API-GATEWAY] [beatExecutor-%d] o.s.web.client.RestTemplate              : Response 200 OK
2026-04-16T00:58:28.557+01:00 DEBUG 10340 --- [API-GATEWAY] [reshExecutor-%d] o.s.web.client.RestTemplate              : Response 200 OK
2026-04-16T00:58:28.558+01:00 DEBUG 10340 --- [API-GATEWAY] [reshExecutor-%d] o.s.web.client.RestTemplate              : Reading to [org.springframework.cloud.netflix.eureka.http.EurekaApplications]
2026-04-16T00:58:58.566+01:00 DEBUG 10340 --- [API-GATEWAY] [reshExecutor-%d] o.s.web.client.RestTemplate              : HTTP GET http://localhost:8761/eureka/apps/delta
2026-04-16T00:58:58.566+01:00 DEBUG 10340 --- [API-GATEWAY] [beatExecutor-%d] o.s.web.client.RestTemplate              : HTTP PUT http://localhost:8761/eureka/apps/API-GATEWAY/localhost:API-GATEWAY:8093?status=UP&lastDirtyTimestamp=1776297448501
2026-04-16T00:58:58.567+01:00 DEBUG 10340 --- [API-GATEWAY] [reshExecutor-%d] o.s.web.client.RestTemplate              : Accept=[application/json, application/*+json]
2026-04-16T00:58:58.567+01:00 DEBUG 10340 --- [API-GATEWAY] [beatExecutor-%d] o.s.web.client.RestTemplate              : Accept=[application/json, application/*+json]
2026-04-16T00:58:58.585+01:00 DEBUG 10340 --- [API-GATEWAY] [beatExecutor-%d] o.s.web.client.RestTemplate              : Response 200 OK
2026-04-16T00:58:58.585+01:00 DEBUG 10340 --- [API-GATEWAY] [reshExecutor-%d] o.s.web.client.RestTemplate              : Response 200 OK
2026-04-16T00:58:58.585+01:00 DEBUG 10340 --- [API-GATEWAY] [reshExecutor-%d] o.s.web.client.RestTemplate              : Reading to [org.springframework.cloud.netflix.eureka.http.EurekaApplications]
2026-04-16T00:59:28.596+01:00 DEBUG 10340 --- [API-GATEWAY] [beatExecutor-%d] o.s.web.client.RestTemplate              : HTTP PUT http://localhost:8761/eureka/apps/API-GATEWAY/localhost:API-GATEWAY:8093?status=UP&lastDirtyTimestamp=1776297448501
2026-04-16T00:59:28.596+01:00 DEBUG 10340 --- [API-GATEWAY] [reshExecutor-%d] o.s.web.client.RestTemplate              : HTTP GET http://localhost:8761/eureka/apps/delta
2026-04-16T00:59:28.597+01:00 DEBUG 10340 --- [API-GATEWAY] [beatExecutor-%d] o.s.web.client.RestTemplate              : Accept=[application/json, application/*+json]
2026-04-16T00:59:28.597+01:00 DEBUG 10340 --- [API-GATEWAY] [reshExecutor-%d] o.s.web.client.RestTemplate              : Accept=[application/json, application/*+json]
2026-04-16T00:59:28.615+01:00 DEBUG 10340 --- [API-GATEWAY] [reshExecutor-%d] o.s.web.client.RestTemplate              : Response 200 OK
2026-04-16T00:59:28.615+01:00 DEBUG 10340 --- [API-GATEWAY] [beatExecutor-%d] o.s.web.client.RestTemplate              : Response 200 OK
2026-04-16T00:59:28.616+01:00 DEBUG 10340 --- [API-GATEWAY] [reshExecutor-%d] o.s.web.client.RestTemplate              : Reading to [org.springframework.cloud.netflix.eureka.http.EurekaApplications]
2026-04-16T00:59:58.620+01:00 DEBUG 10340 --- [API-GATEWAY] [beatExecutor-%d] o.s.web.client.RestTemplate              : HTTP PUT http://localhost:8761/eureka/apps/API-GATEWAY/localhost:API-GATEWAY:8093?status=UP&lastDirtyTimestamp=1776297448501
2026-04-16T00:59:58.620+01:00 DEBUG 10340 --- [API-GATEWAY] [reshExecutor-%d] o.s.web.client.RestTemplate              : HTTP GET http://localhost:8761/eureka/apps/delta
2026-04-16T00:59:58.620+01:00 DEBUG 10340 --- [API-GATEWAY] [beatExecutor-%d] o.s.web.client.RestTemplate              : Accept=[application/json, application/*+json]
2026-04-16T00:59:58.620+01:00 DEBUG 10340 --- [API-GATEWAY] [reshExecutor-%d] o.s.web.client.RestTemplate              : Accept=[application/json, application/*+json]
2026-04-16T00:59:58.623+01:00 DEBUG 10340 --- [API-GATEWAY] [reshExecutor-%d] o.s.web.client.RestTemplate              : Response 200 OK
2026-04-16T00:59:58.623+01:00 DEBUG 10340 --- [API-GATEWAY] [beatExecutor-%d] o.s.web.client.RestTemplate              : Response 200 OK
2026-04-16T00:59:58.623+01:00 DEBUG 10340 --- [API-GATEWAY] [reshExecutor-%d] o.s.web.client.RestTemplate              : Reading to [org.springframework.cloud.netflix.eureka.http.EurekaApplications]
2026-04-16T01:00:28.634+01:00 DEBUG 10340 --- [API-GATEWAY] [beatExecutor-%d] o.s.web.client.RestTemplate              : HTTP PUT http://localhost:8761/eureka/apps/API-GATEWAY/localhost:API-GATEWAY:8093?status=UP&lastDirtyTimestamp=1776297448501
2026-04-16T01:00:28.634+01:00 DEBUG 10340 --- [API-GATEWAY] [reshExecutor-%d] o.s.web.client.RestTemplate              : HTTP GET http://localhost:8761/eureka/apps/delta
2026-04-16T01:00:28.635+01:00 DEBUG 10340 --- [API-GATEWAY] [beatExecutor-%d] o.s.web.client.RestTemplate              : Accept=[application/json, application/*+json]
2026-04-16T01:00:28.635+01:00 DEBUG 10340 --- [API-GATEWAY] [reshExecutor-%d] o.s.web.client.RestTemplate              : Accept=[application/json, application/*+json]
2026-04-16T01:00:28.652+01:00 DEBUG 10340 --- [API-GATEWAY] [beatExecutor-%d] o.s.web.client.RestTemplate              : Response 200 OK
2026-04-16T01:00:28.652+01:00 DEBUG 10340 --- [API-GATEWAY] [reshExecutor-%d] o.s.web.client.RestTemplate              : Response 200 OK
2026-04-16T01:00:28.653+01:00 DEBUG 10340 --- [API-GATEWAY] [reshExecutor-%d] o.s.web.client.RestTemplate              : Reading to [org.springframework.cloud.netflix.eureka.http.EurekaApplications]
2026-04-16T01:00:58.660+01:00 DEBUG 10340 --- [API-GATEWAY] [reshExecutor-%d] o.s.web.client.RestTemplate              : HTTP GET http://localhost:8761/eureka/apps/delta
2026-04-16T01:00:58.660+01:00 DEBUG 10340 --- [API-GATEWAY] [beatExecutor-%d] o.s.web.client.RestTemplate              : HTTP PUT http://localhost:8761/eureka/apps/API-GATEWAY/localhost:API-GATEWAY:8093?status=UP&lastDirtyTimestamp=1776297448501
2026-04-16T01:00:58.661+01:00 DEBUG 10340 --- [API-GATEWAY] [reshExecutor-%d] o.s.web.client.RestTemplate              : Accept=[application/json, application/*+json]
2026-04-16T01:00:58.661+01:00 DEBUG 10340 --- [API-GATEWAY] [beatExecutor-%d] o.s.web.client.RestTemplate              : Accept=[application/json, application/*+json]
2026-04-16T01:00:58.680+01:00 DEBUG 10340 --- [API-GATEWAY] [reshExecutor-%d] o.s.web.client.RestTemplate              : Response 200 OK
2026-04-16T01:00:58.680+01:00 DEBUG 10340 --- [API-GATEWAY] [beatExecutor-%d] o.s.web.client.RestTemplate              : Response 200 OK
2026-04-16T01:00:58.681+01:00 DEBUG 10340 --- [API-GATEWAY] [reshExecutor-%d] o.s.web.client.RestTemplate              : Reading to [org.springframework.cloud.netflix.eureka.http.EurekaApplications]
2026-04-16T01:01:28.688+01:00 DEBUG 10340 --- [API-GATEWAY] [beatExecutor-%d] o.s.web.client.RestTemplate              : HTTP PUT http://localhost:8761/eureka/apps/API-GATEWAY/localhost:API-GATEWAY:8093?status=UP&lastDirtyTimestamp=1776297448501
2026-04-16T01:01:28.688+01:00 DEBUG 10340 --- [API-GATEWAY] [reshExecutor-%d] o.s.web.client.RestTemplate              : HTTP GET http://localhost:8761/eureka/apps/delta
2026-04-16T01:01:28.689+01:00 DEBUG 10340 --- [API-GATEWAY] [beatExecutor-%d] o.s.web.client.RestTemplate              : Accept=[application/json, application/*+json]
2026-04-16T01:01:28.689+01:00 DEBUG 10340 --- [API-GATEWAY] [reshExecutor-%d] o.s.web.client.RestTemplate              : Accept=[application/json, application/*+json]
2026-04-16T01:01:28.706+01:00 DEBUG 10340 --- [API-GATEWAY] [reshExecutor-%d] o.s.web.client.RestTemplate              : Response 200 OK
2026-04-16T01:01:28.706+01:00 DEBUG 10340 --- [API-GATEWAY] [beatExecutor-%d] o.s.web.client.RestTemplate              : Response 200 OK
2026-04-16T01:01:28.707+01:00 DEBUG 10340 --- [API-GATEWAY] [reshExecutor-%d] o.s.web.client.RestTemplate              : Reading to [org.springframework.cloud.netflix.eureka.http.EurekaApplications]
2026-04-16T01:01:58.717+01:00 DEBUG 10340 --- [API-GATEWAY] [beatExecutor-%d] o.s.web.client.RestTemplate              : HTTP PUT http://localhost:8761/eureka/apps/API-GATEWAY/localhost:API-GATEWAY:8093?status=UP&lastDirtyTimestamp=1776297448501
2026-04-16T01:01:58.717+01:00 DEBUG 10340 --- [API-GATEWAY] [reshExecutor-%d] o.s.web.client.RestTemplate              : HTTP GET http://localhost:8761/eureka/apps/delta
2026-04-16T01:01:58.718+01:00 DEBUG 10340 --- [API-GATEWAY] [beatExecutor-%d] o.s.web.client.RestTemplate              : Accept=[application/json, application/*+json]
2026-04-16T01:01:58.718+01:00 DEBUG 10340 --- [API-GATEWAY] [reshExecutor-%d] o.s.web.client.RestTemplate              : Accept=[application/json, application/*+json]
2026-04-16T01:01:58.735+01:00 DEBUG 10340 --- [API-GATEWAY] [beatExecutor-%d] o.s.web.client.RestTemplate              : Response 200 OK
2026-04-16T01:01:58.735+01:00 DEBUG 10340 --- [API-GATEWAY] [reshExecutor-%d] o.s.web.client.RestTemplate              : Response 200 OK
2026-04-16T01:01:58.735+01:00 DEBUG 10340 --- [API-GATEWAY] [reshExecutor-%d] o.s.web.client.RestTemplate              : Reading to [org.springframework.cloud.netflix.eureka.http.EurekaApplications]
2026-04-16T01:02:27.960+01:00  INFO 10340 --- [API-GATEWAY] [rap-executor-%d] c.n.d.s.r.aws.ConfigClusterResolver      : Resolving eureka endpoints via configuration
2026-04-16T01:02:28.744+01:00 DEBUG 10340 --- [API-GATEWAY] [reshExecutor-%d] o.s.web.client.RestTemplate              : HTTP GET http://localhost:8761/eureka/apps/delta
2026-04-16T01:02:28.744+01:00 DEBUG 10340 --- [API-GATEWAY] [beatExecutor-%d] o.s.web.client.RestTemplate              : HTTP PUT http://localhost:8761/eureka/apps/API-GATEWAY/localhost:API-GATEWAY:8093?status=UP&lastDirtyTimestamp=1776297448501
2026-04-16T01:02:28.744+01:00 DEBUG 10340 --- [API-GATEWAY] [reshExecutor-%d] o.s.web.client.RestTemplate              : Accept=[application/json, application/*+json]
2026-04-16T01:02:28.745+01:00 DEBUG 10340 --- [API-GATEWAY] [beatExecutor-%d] o.s.web.client.RestTemplate              : Accept=[application/json, application/*+json]
2026-04-16T01:02:28.752+01:00 DEBUG 10340 --- [API-GATEWAY] [beatExecutor-%d] o.s.web.client.RestTemplate              : Response 200 OK
2026-04-16T01:02:28.752+01:00 DEBUG 10340 --- [API-GATEWAY] [reshExecutor-%d] o.s.web.client.RestTemplate              : Response 200 OK
2026-04-16T01:02:28.752+01:00 DEBUG 10340 --- [API-GATEWAY] [reshExecutor-%d] o.s.web.client.RestTemplate              : Reading to [org.springframework.cloud.netflix.eureka.http.EurekaApplications]
2026-04-16T01:02:58.756+01:00 DEBUG 10340 --- [API-GATEWAY] [beatExecutor-%d] o.s.web.client.RestTemplate              : HTTP PUT http://localhost:8761/eureka/apps/API-GATEWAY/localhost:API-GATEWAY:8093?status=UP&lastDirtyTimestamp=1776297448501
2026-04-16T01:02:58.756+01:00 DEBUG 10340 --- [API-GATEWAY] [reshExecutor-%d] o.s.web.client.RestTemplate              : HTTP GET http://localhost:8761/eureka/apps/delta
2026-04-16T01:02:58.756+01:00 DEBUG 10340 --- [API-GATEWAY] [beatExecutor-%d] o.s.web.client.RestTemplate              : Accept=[application/json, application/*+json]
2026-04-16T01:02:58.758+01:00 DEBUG 10340 --- [API-GATEWAY] [reshExecutor-%d] o.s.web.client.RestTemplate              : Accept=[application/json, application/*+json]
2026-04-16T01:02:58.774+01:00 DEBUG 10340 --- [API-GATEWAY] [reshExecutor-%d] o.s.web.client.RestTemplate              : Response 200 OK
2026-04-16T01:02:58.774+01:00 DEBUG 10340 --- [API-GATEWAY] [beatExecutor-%d] o.s.web.client.RestTemplate              : Response 200 OK
2026-04-16T01:02:58.775+01:00 DEBUG 10340 --- [API-GATEWAY] [reshExecutor-%d] o.s.web.client.RestTemplate              : Reading to [org.springframework.cloud.netflix.eureka.http.EurekaApplications]
2026-04-16T01:03:28.786+01:00 DEBUG 10340 --- [API-GATEWAY] [reshExecutor-%d] o.s.web.client.RestTemplate              : HTTP GET http://localhost:8761/eureka/apps/delta
2026-04-16T01:03:28.786+01:00 DEBUG 10340 --- [API-GATEWAY] [beatExecutor-%d] o.s.web.client.RestTemplate              : HTTP PUT http://localhost:8761/eureka/apps/API-GATEWAY/localhost:API-GATEWAY:8093?status=UP&lastDirtyTimestamp=1776297448501
2026-04-16T01:03:28.786+01:00 DEBUG 10340 --- [API-GATEWAY] [reshExecutor-%d] o.s.web.client.RestTemplate              : Accept=[application/json, application/*+json]
2026-04-16T01:03:28.786+01:00 DEBUG 10340 --- [API-GATEWAY] [beatExecutor-%d] o.s.web.client.RestTemplate              : Accept=[application/json, application/*+json]
2026-04-16T01:03:28.803+01:00 DEBUG 10340 --- [API-GATEWAY] [beatExecutor-%d] o.s.web.client.RestTemplate              : Response 200 OK
2026-04-16T01:03:28.803+01:00 DEBUG 10340 --- [API-GATEWAY] [reshExecutor-%d] o.s.web.client.RestTemplate              : Response 200 OK
2026-04-16T01:03:28.804+01:00 DEBUG 10340 --- [API-GATEWAY] [reshExecutor-%d] o.s.web.client.RestTemplate              : Reading to [org.springframework.cloud.netflix.eureka.http.EurekaApplications]
2026-04-16T01:03:58.809+01:00 DEBUG 10340 --- [API-GATEWAY] [beatExecutor-%d] o.s.web.client.RestTemplate              : HTTP PUT http://localhost:8761/eureka/apps/API-GATEWAY/localhost:API-GATEWAY:8093?status=UP&lastDirtyTimestamp=1776297448501
2026-04-16T01:03:58.809+01:00 DEBUG 10340 --- [API-GATEWAY] [reshExecutor-%d] o.s.web.client.RestTemplate              : HTTP GET http://localhost:8761/eureka/apps/delta
2026-04-16T01:03:58.810+01:00 DEBUG 10340 --- [API-GATEWAY] [beatExecutor-%d] o.s.web.client.RestTemplate              : Accept=[application/json, application/*+json]
2026-04-16T01:03:58.810+01:00 DEBUG 10340 --- [API-GATEWAY] [reshExecutor-%d] o.s.web.client.RestTemplate              : Accept=[application/json, application/*+json]
2026-04-16T01:03:58.829+01:00 DEBUG 10340 --- [API-GATEWAY] [beatExecutor-%d] o.s.web.client.RestTemplate              : Response 200 OK
2026-04-16T01:03:58.829+01:00 DEBUG 10340 --- [API-GATEWAY] [reshExecutor-%d] o.s.web.client.RestTemplate              : Response 200 OK
2026-04-16T01:03:58.830+01:00 DEBUG 10340 --- [API-GATEWAY] [reshExecutor-%d] o.s.web.client.RestTemplate              : Reading to [org.springframework.cloud.netflix.eureka.http.EurekaApplications]
2026-04-16T01:04:28.838+01:00 DEBUG 10340 --- [API-GATEWAY] [beatExecutor-%d] o.s.web.client.RestTemplate              : HTTP PUT http://localhost:8761/eureka/apps/API-GATEWAY/localhost:API-GATEWAY:8093?status=UP&lastDirtyTimestamp=1776297448501
2026-04-16T01:04:28.838+01:00 DEBUG 10340 --- [API-GATEWAY] [reshExecutor-%d] o.s.web.client.RestTemplate              : HTTP GET http://localhost:8761/eureka/apps/delta
2026-04-16T01:04:28.838+01:00 DEBUG 10340 --- [API-GATEWAY] [beatExecutor-%d] o.s.web.client.RestTemplate              : Accept=[application/json, application/*+json]
2026-04-16T01:04:28.839+01:00 DEBUG 10340 --- [API-GATEWAY] [reshExecutor-%d] o.s.web.client.RestTemplate              : Accept=[application/json, application/*+json]
2026-04-16T01:04:28.842+01:00 DEBUG 10340 --- [API-GATEWAY] [beatExecutor-%d] o.s.web.client.RestTemplate              : Response 200 OK
2026-04-16T01:04:28.859+01:00 DEBUG 10340 --- [API-GATEWAY] [reshExecutor-%d] o.s.web.client.RestTemplate              : Response 200 OK
2026-04-16T01:04:28.859+01:00 DEBUG 10340 --- [API-GATEWAY] [reshExecutor-%d] o.s.web.client.RestTemplate              : Reading to [org.springframework.cloud.netflix.eureka.http.EurekaApplications]
2026-04-16T01:04:58.855+01:00 DEBUG 10340 --- [API-GATEWAY] [beatExecutor-%d] o.s.web.client.RestTemplate              : HTTP PUT http://localhost:8761/eureka/apps/API-GATEWAY/localhost:API-GATEWAY:8093?status=UP&lastDirtyTimestamp=1776297448501
2026-04-16T01:04:58.856+01:00 DEBUG 10340 --- [API-GATEWAY] [beatExecutor-%d] o.s.web.client.RestTemplate              : Accept=[application/json, application/*+json]
2026-04-16T01:04:58.871+01:00 DEBUG 10340 --- [API-GATEWAY] [reshExecutor-%d] o.s.web.client.RestTemplate              : HTTP GET http://localhost:8761/eureka/apps/delta
2026-04-16T01:04:58.871+01:00 DEBUG 10340 --- [API-GATEWAY] [reshExecutor-%d] o.s.web.client.RestTemplate              : Accept=[application/json, application/*+json]
2026-04-16T01:04:58.874+01:00 DEBUG 10340 --- [API-GATEWAY] [beatExecutor-%d] o.s.web.client.RestTemplate              : Response 200 OK
2026-04-16T01:04:58.888+01:00 DEBUG 10340 --- [API-GATEWAY] [reshExecutor-%d] o.s.web.client.RestTemplate              : Response 200 OK
2026-04-16T01:04:58.889+01:00 DEBUG 10340 --- [API-GATEWAY] [reshExecutor-%d] o.s.web.client.RestTemplate              : Reading to [org.springframework.cloud.netflix.eureka.http.EurekaApplications]
2026-04-16T01:05:28.877+01:00 DEBUG 10340 --- [API-GATEWAY] [beatExecutor-%d] o.s.web.client.RestTemplate              : HTTP PUT http://localhost:8761/eureka/apps/API-GATEWAY/localhost:API-GATEWAY:8093?status=UP&lastDirtyTimestamp=1776297448501
2026-04-16T01:05:28.881+01:00 DEBUG 10340 --- [API-GATEWAY] [beatExecutor-%d] o.s.web.client.RestTemplate              : Accept=[application/json, application/*+json]
2026-04-16T01:05:28.893+01:00 DEBUG 10340 --- [API-GATEWAY] [reshExecutor-%d] o.s.web.client.RestTemplate              : HTTP GET http://localhost:8761/eureka/apps/delta
2026-04-16T01:05:28.893+01:00 DEBUG 10340 --- [API-GATEWAY] [reshExecutor-%d] o.s.web.client.RestTemplate              : Accept=[application/json, application/*+json]
2026-04-16T01:05:28.897+01:00 DEBUG 10340 --- [API-GATEWAY] [beatExecutor-%d] o.s.web.client.RestTemplate              : Response 200 OK
2026-04-16T01:05:28.911+01:00 DEBUG 10340 --- [API-GATEWAY] [reshExecutor-%d] o.s.web.client.RestTemplate              : Response 200 OK
2026-04-16T01:05:28.913+01:00 DEBUG 10340 --- [API-GATEWAY] [reshExecutor-%d] o.s.web.client.RestTemplate              : Reading to [org.springframework.cloud.netflix.eureka.http.EurekaApplications]
2026-04-16T01:05:58.911+01:00 DEBUG 10340 --- [API-GATEWAY] [beatExecutor-%d] o.s.web.client.RestTemplate              : HTTP PUT http://localhost:8761/eureka/apps/API-GATEWAY/localhost:API-GATEWAY:8093?status=UP&lastDirtyTimestamp=1776297448501
2026-04-16T01:05:58.911+01:00 DEBUG 10340 --- [API-GATEWAY] [beatExecutor-%d] o.s.web.client.RestTemplate              : Accept=[application/json, application/*+json]
2026-04-16T01:05:58.926+01:00 DEBUG 10340 --- [API-GATEWAY] [reshExecutor-%d] o.s.web.client.RestTemplate              : HTTP GET http://localhost:8761/eureka/apps/delta
2026-04-16T01:05:58.927+01:00 DEBUG 10340 --- [API-GATEWAY] [reshExecutor-%d] o.s.web.client.RestTemplate              : Accept=[application/json, application/*+json]
2026-04-16T01:05:58.929+01:00 DEBUG 10340 --- [API-GATEWAY] [beatExecutor-%d] o.s.web.client.RestTemplate              : Response 200 OK
2026-04-16T01:05:58.944+01:00 DEBUG 10340 --- [API-GATEWAY] [reshExecutor-%d] o.s.web.client.RestTemplate              : Response 200 OK
2026-04-16T01:05:58.944+01:00 DEBUG 10340 --- [API-GATEWAY] [reshExecutor-%d] o.s.web.client.RestTemplate              : Reading to [org.springframework.cloud.netflix.eureka.http.EurekaApplications]
2026-04-16T01:06:28.934+01:00 DEBUG 10340 --- [API-GATEWAY] [beatExecutor-%d] o.s.web.client.RestTemplate              : HTTP PUT http://localhost:8761/eureka/apps/API-GATEWAY/localhost:API-GATEWAY:8093?status=UP&lastDirtyTimestamp=1776297448501
2026-04-16T01:06:28.935+01:00 DEBUG 10340 --- [API-GATEWAY] [beatExecutor-%d] o.s.web.client.RestTemplate              : Accept=[application/json, application/*+json]
2026-04-16T01:06:28.950+01:00 DEBUG 10340 --- [API-GATEWAY] [reshExecutor-%d] o.s.web.client.RestTemplate              : HTTP GET http://localhost:8761/eureka/apps/delta
2026-04-16T01:06:28.951+01:00 DEBUG 10340 --- [API-GATEWAY] [reshExecutor-%d] o.s.web.client.RestTemplate              : Accept=[application/json, application/*+json]
2026-04-16T01:06:28.952+01:00 DEBUG 10340 --- [API-GATEWAY] [beatExecutor-%d] o.s.web.client.RestTemplate              : Response 200 OK
2026-04-16T01:06:28.967+01:00 DEBUG 10340 --- [API-GATEWAY] [reshExecutor-%d] o.s.web.client.RestTemplate              : Response 200 OK
2026-04-16T01:06:28.967+01:00 DEBUG 10340 --- [API-GATEWAY] [reshExecutor-%d] o.s.web.client.RestTemplate              : Reading to [org.springframework.cloud.netflix.eureka.http.EurekaApplications]
2026-04-16T01:06:58.962+01:00 DEBUG 10340 --- [API-GATEWAY] [beatExecutor-%d] o.s.web.client.RestTemplate              : HTTP PUT http://localhost:8761/eureka/apps/API-GATEWAY/localhost:API-GATEWAY:8093?status=UP&lastDirtyTimestamp=1776297448501
2026-04-16T01:06:58.963+01:00 DEBUG 10340 --- [API-GATEWAY] [beatExecutor-%d] o.s.web.client.RestTemplate              : Accept=[application/json, application/*+json]
2026-04-16T01:06:58.977+01:00 DEBUG 10340 --- [API-GATEWAY] [reshExecutor-%d] o.s.web.client.RestTemplate              : HTTP GET http://localhost:8761/eureka/apps/delta
2026-04-16T01:06:58.977+01:00 DEBUG 10340 --- [API-GATEWAY] [reshExecutor-%d] o.s.web.client.RestTemplate              : Accept=[application/json, application/*+json]
2026-04-16T01:06:58.979+01:00 DEBUG 10340 --- [API-GATEWAY] [beatExecutor-%d] o.s.web.client.RestTemplate              : Response 200 OK
2026-04-16T01:06:58.995+01:00 DEBUG 10340 --- [API-GATEWAY] [reshExecutor-%d] o.s.web.client.RestTemplate              : Response 200 OK
2026-04-16T01:06:58.995+01:00 DEBUG 10340 --- [API-GATEWAY] [reshExecutor-%d] o.s.web.client.RestTemplate              : Reading to [org.springframework.cloud.netflix.eureka.http.EurekaApplications]
2026-04-16T01:07:27.975+01:00  INFO 10340 --- [API-GATEWAY] [rap-executor-%d] c.n.d.s.r.aws.ConfigClusterResolver      : Resolving eureka endpoints via configuration
2026-04-16T01:07:28.987+01:00 DEBUG 10340 --- [API-GATEWAY] [beatExecutor-%d] o.s.web.client.RestTemplate              : HTTP PUT http://localhost:8761/eureka/apps/API-GATEWAY/localhost:API-GATEWAY:8093?status=UP&lastDirtyTimestamp=1776297448501
2026-04-16T01:07:28.988+01:00 DEBUG 10340 --- [API-GATEWAY] [beatExecutor-%d] o.s.web.client.RestTemplate              : Accept=[application/json, application/*+json]
2026-04-16T01:07:29.002+01:00 DEBUG 10340 --- [API-GATEWAY] [reshExecutor-%d] o.s.web.client.RestTemplate              : HTTP GET http://localhost:8761/eureka/apps/delta
2026-04-16T01:07:29.002+01:00 DEBUG 10340 --- [API-GATEWAY] [reshExecutor-%d] o.s.web.client.RestTemplate              : Accept=[application/json, application/*+json]
2026-04-16T01:07:29.004+01:00 DEBUG 10340 --- [API-GATEWAY] [beatExecutor-%d] o.s.web.client.RestTemplate              : Response 200 OK
2026-04-16T01:07:29.019+01:00 DEBUG 10340 --- [API-GATEWAY] [reshExecutor-%d] o.s.web.client.RestTemplate              : Response 200 OK
2026-04-16T01:07:29.020+01:00 DEBUG 10340 --- [API-GATEWAY] [reshExecutor-%d] o.s.web.client.RestTemplate              : Reading to [org.springframework.cloud.netflix.eureka.http.EurekaApplications]
2026-04-16T01:07:59.005+01:00 DEBUG 10340 --- [API-GATEWAY] [beatExecutor-%d] o.s.web.client.RestTemplate              : HTTP PUT http://localhost:8761/eureka/apps/API-GATEWAY/localhost:API-GATEWAY:8093?status=UP&lastDirtyTimestamp=1776297448501
2026-04-16T01:07:59.006+01:00 DEBUG 10340 --- [API-GATEWAY] [beatExecutor-%d] o.s.web.client.RestTemplate              : Accept=[application/json, application/*+json]
2026-04-16T01:07:59.023+01:00 DEBUG 10340 --- [API-GATEWAY] [beatExecutor-%d] o.s.web.client.RestTemplate              : Response 200 OK
2026-04-16T01:07:59.026+01:00 DEBUG 10340 --- [API-GATEWAY] [reshExecutor-%d] o.s.web.client.RestTemplate              : HTTP GET http://localhost:8761/eureka/apps/delta
2026-04-16T01:07:59.037+01:00 DEBUG 10340 --- [API-GATEWAY] [reshExecutor-%d] o.s.web.client.RestTemplate              : Accept=[application/json, application/*+json]
2026-04-16T01:07:59.041+01:00 DEBUG 10340 --- [API-GATEWAY] [reshExecutor-%d] o.s.web.client.RestTemplate              : Response 200 OK
2026-04-16T01:07:59.041+01:00 DEBUG 10340 --- [API-GATEWAY] [reshExecutor-%d] o.s.web.client.RestTemplate              : Reading to [org.springframework.cloud.netflix.eureka.http.EurekaApplications]
2026-04-16T01:08:29.026+01:00 DEBUG 10340 --- [API-GATEWAY] [beatExecutor-%d] o.s.web.client.RestTemplate              : HTTP PUT http://localhost:8761/eureka/apps/API-GATEWAY/localhost:API-GATEWAY:8093?status=UP&lastDirtyTimestamp=1776297448501
2026-04-16T01:08:29.027+01:00 DEBUG 10340 --- [API-GATEWAY] [beatExecutor-%d] o.s.web.client.RestTemplate              : Accept=[application/json, application/*+json]
2026-04-16T01:08:29.044+01:00 DEBUG 10340 --- [API-GATEWAY] [beatExecutor-%d] o.s.web.client.RestTemplate              : Response 200 OK
2026-04-16T01:08:29.058+01:00 DEBUG 10340 --- [API-GATEWAY] [reshExecutor-%d] o.s.web.client.RestTemplate              : HTTP GET http://localhost:8761/eureka/apps/delta
2026-04-16T01:08:29.058+01:00 DEBUG 10340 --- [API-GATEWAY] [reshExecutor-%d] o.s.web.client.RestTemplate              : Accept=[application/json, application/*+json]
2026-04-16T01:08:29.076+01:00 DEBUG 10340 --- [API-GATEWAY] [reshExecutor-%d] o.s.web.client.RestTemplate              : Response 200 OK
2026-04-16T01:08:29.076+01:00 DEBUG 10340 --- [API-GATEWAY] [reshExecutor-%d] o.s.web.client.RestTemplate              : Reading to [org.springframework.cloud.netflix.eureka.http.EurekaApplications]
2026-04-16T01:08:59.047+01:00 DEBUG 10340 --- [API-GATEWAY] [beatExecutor-%d] o.s.web.client.RestTemplate              : HTTP PUT http://localhost:8761/eureka/apps/API-GATEWAY/localhost:API-GATEWAY:8093?status=UP&lastDirtyTimestamp=1776297448501
2026-04-16T01:08:59.049+01:00 DEBUG 10340 --- [API-GATEWAY] [beatExecutor-%d] o.s.web.client.RestTemplate              : Accept=[application/json, application/*+json]
2026-04-16T01:08:59.065+01:00 DEBUG 10340 --- [API-GATEWAY] [beatExecutor-%d] o.s.web.client.RestTemplate              : Response 200 OK
2026-04-16T01:08:59.078+01:00 DEBUG 10340 --- [API-GATEWAY] [reshExecutor-%d] o.s.web.client.RestTemplate              : HTTP GET http://localhost:8761/eureka/apps/delta
2026-04-16T01:08:59.078+01:00 DEBUG 10340 --- [API-GATEWAY] [reshExecutor-%d] o.s.web.client.RestTemplate              : Accept=[application/json, application/*+json]
2026-04-16T01:08:59.096+01:00 DEBUG 10340 --- [API-GATEWAY] [reshExecutor-%d] o.s.web.client.RestTemplate              : Response 200 OK
2026-04-16T01:08:59.096+01:00 DEBUG 10340 --- [API-GATEWAY] [reshExecutor-%d] o.s.web.client.RestTemplate              : Reading to [org.springframework.cloud.netflix.eureka.http.EurekaApplications]
2026-04-16T01:09:29.075+01:00 DEBUG 10340 --- [API-GATEWAY] [beatExecutor-%d] o.s.web.client.RestTemplate              : HTTP PUT http://localhost:8761/eureka/apps/API-GATEWAY/localhost:API-GATEWAY:8093?status=UP&lastDirtyTimestamp=1776297448501
2026-04-16T01:09:29.076+01:00 DEBUG 10340 --- [API-GATEWAY] [beatExecutor-%d] o.s.web.client.RestTemplate              : Accept=[application/json, application/*+json]
2026-04-16T01:09:29.096+01:00 DEBUG 10340 --- [API-GATEWAY] [beatExecutor-%d] o.s.web.client.RestTemplate              : Response 200 OK
2026-04-16T01:09:29.096+01:00 DEBUG 10340 --- [API-GATEWAY] [reshExecutor-%d] o.s.web.client.RestTemplate              : HTTP GET http://localhost:8761/eureka/apps/delta
2026-04-16T01:09:29.100+01:00 DEBUG 10340 --- [API-GATEWAY] [reshExecutor-%d] o.s.web.client.RestTemplate              : Accept=[application/json, application/*+json]
2026-04-16T01:09:29.107+01:00 DEBUG 10340 --- [API-GATEWAY] [reshExecutor-%d] o.s.web.client.RestTemplate              : Response 200 OK
2026-04-16T01:09:29.107+01:00 DEBUG 10340 --- [API-GATEWAY] [reshExecutor-%d] o.s.web.client.RestTemplate              : Reading to [org.springframework.cloud.netflix.eureka.http.EurekaApplications]
2026-04-16T01:09:59.100+01:00 DEBUG 10340 --- [API-GATEWAY] [beatExecutor-%d] o.s.web.client.RestTemplate              : HTTP PUT http://localhost:8761/eureka/apps/API-GATEWAY/localhost:API-GATEWAY:8093?status=UP&lastDirtyTimestamp=1776297448501
2026-04-16T01:09:59.110+01:00 DEBUG 10340 --- [API-GATEWAY] [beatExecutor-%d] o.s.web.client.RestTemplate              : Accept=[application/json, application/*+json]
2026-04-16T01:09:59.116+01:00 DEBUG 10340 --- [API-GATEWAY] [beatExecutor-%d] o.s.web.client.RestTemplate              : Response 200 OK
2026-04-16T01:09:59.116+01:00 DEBUG 10340 --- [API-GATEWAY] [reshExecutor-%d] o.s.web.client.RestTemplate              : HTTP GET http://localhost:8761/eureka/apps/delta
2026-04-16T01:09:59.116+01:00 DEBUG 10340 --- [API-GATEWAY] [reshExecutor-%d] o.s.web.client.RestTemplate              : Accept=[application/json, application/*+json]
2026-04-16T01:09:59.133+01:00 DEBUG 10340 --- [API-GATEWAY] [reshExecutor-%d] o.s.web.client.RestTemplate              : Response 200 OK
2026-04-16T01:09:59.134+01:00 DEBUG 10340 --- [API-GATEWAY] [reshExecutor-%d] o.s.web.client.RestTemplate              : Reading to [org.springframework.cloud.netflix.eureka.http.EurekaApplications]
2026-04-16T01:10:29.126+01:00 DEBUG 10340 --- [API-GATEWAY] [beatExecutor-%d] o.s.web.client.RestTemplate              : HTTP PUT http://localhost:8761/eureka/apps/API-GATEWAY/localhost:API-GATEWAY:8093?status=UP&lastDirtyTimestamp=1776297448501
2026-04-16T01:10:29.127+01:00 DEBUG 10340 --- [API-GATEWAY] [beatExecutor-%d] o.s.web.client.RestTemplate              : Accept=[application/json, application/*+json]
2026-04-16T01:10:29.144+01:00 DEBUG 10340 --- [API-GATEWAY] [reshExecutor-%d] o.s.web.client.RestTemplate              : HTTP GET http://localhost:8761/eureka/apps/delta
2026-04-16T01:10:29.144+01:00 DEBUG 10340 --- [API-GATEWAY] [reshExecutor-%d] o.s.web.client.RestTemplate              : Accept=[application/json, application/*+json]
2026-04-16T01:10:29.146+01:00 DEBUG 10340 --- [API-GATEWAY] [beatExecutor-%d] o.s.web.client.RestTemplate              : Response 200 OK
2026-04-16T01:10:29.161+01:00 DEBUG 10340 --- [API-GATEWAY] [reshExecutor-%d] o.s.web.client.RestTemplate              : Response 200 OK
2026-04-16T01:10:29.162+01:00 DEBUG 10340 --- [API-GATEWAY] [reshExecutor-%d] o.s.web.client.RestTemplate              : Reading to [org.springframework.cloud.netflix.eureka.http.EurekaApplications]
2026-04-16T01:10:59.156+01:00 DEBUG 10340 --- [API-GATEWAY] [beatExecutor-%d] o.s.web.client.RestTemplate              : HTTP PUT http://localhost:8761/eureka/apps/API-GATEWAY/localhost:API-GATEWAY:8093?status=UP&lastDirtyTimestamp=1776297448501
2026-04-16T01:10:59.157+01:00 DEBUG 10340 --- [API-GATEWAY] [beatExecutor-%d] o.s.web.client.RestTemplate              : Accept=[application/json, application/*+json]
2026-04-16T01:10:59.171+01:00 DEBUG 10340 --- [API-GATEWAY] [reshExecutor-%d] o.s.web.client.RestTemplate              : HTTP GET http://localhost:8761/eureka/apps/delta
2026-04-16T01:10:59.171+01:00 DEBUG 10340 --- [API-GATEWAY] [reshExecutor-%d] o.s.web.client.RestTemplate              : Accept=[application/json, application/*+json]
2026-04-16T01:10:59.173+01:00 DEBUG 10340 --- [API-GATEWAY] [beatExecutor-%d] o.s.web.client.RestTemplate              : Response 200 OK
2026-04-16T01:10:59.174+01:00 DEBUG 10340 --- [API-GATEWAY] [reshExecutor-%d] o.s.web.client.RestTemplate              : Response 200 OK
2026-04-16T01:10:59.174+01:00 DEBUG 10340 --- [API-GATEWAY] [reshExecutor-%d] o.s.web.client.RestTemplate              : Reading to [org.springframework.cloud.netflix.eureka.http.EurekaApplications]
2026-04-16T01:11:29.188+01:00 DEBUG 10340 --- [API-GATEWAY] [beatExecutor-%d] o.s.web.client.RestTemplate              : HTTP PUT http://localhost:8761/eureka/apps/API-GATEWAY/localhost:API-GATEWAY:8093?status=UP&lastDirtyTimestamp=1776297448501
2026-04-16T01:11:29.188+01:00 DEBUG 10340 --- [API-GATEWAY] [reshExecutor-%d] o.s.web.client.RestTemplate              : HTTP GET http://localhost:8761/eureka/apps/delta
2026-04-16T01:11:29.190+01:00 DEBUG 10340 --- [API-GATEWAY] [beatExecutor-%d] o.s.web.client.RestTemplate              : Accept=[application/json, application/*+json]
2026-04-16T01:11:29.190+01:00 DEBUG 10340 --- [API-GATEWAY] [reshExecutor-%d] o.s.web.client.RestTemplate              : Accept=[application/json, application/*+json]
2026-04-16T01:11:29.206+01:00 DEBUG 10340 --- [API-GATEWAY] [beatExecutor-%d] o.s.web.client.RestTemplate              : Response 200 OK
2026-04-16T01:11:29.206+01:00 DEBUG 10340 --- [API-GATEWAY] [reshExecutor-%d] o.s.web.client.RestTemplate              : Response 200 OK
2026-04-16T01:11:29.207+01:00 DEBUG 10340 --- [API-GATEWAY] [reshExecutor-%d] o.s.web.client.RestTemplate              : Reading to [org.springframework.cloud.netflix.eureka.http.EurekaApplications]
2026-04-16T01:11:48.370+01:00 DEBUG 10340 --- [API-GATEWAY] [ctor-http-nio-2] o.s.w.s.adapter.HttpWebHandlerAdapter    : [f9e02d6b-1] HTTP GET "/actuator/health"
2026-04-16T01:11:48.397+01:00 DEBUG 10340 --- [API-GATEWAY] [ctor-http-nio-2] o.s.w.r.handler.SimpleUrlHandlerMapping  : [f9e02d6b-1] Mapped to ResourceWebHandler [classpath [META-INF/resources/], classpath [resources/], classpath [static/], classpath [public/]]
2026-04-16T01:11:48.401+01:00 DEBUG 10340 --- [API-GATEWAY] [ctor-http-nio-2] o.s.w.r.resource.ResourceWebHandler      : [f9e02d6b-1] Resource not found
2026-04-16T01:11:48.420+01:00 DEBUG 10340 --- [API-GATEWAY] [ctor-http-nio-2] a.w.r.e.AbstractErrorWebExceptionHandler : [f9e02d6b-1] Resolved [NoResourceFoundException: 404 NOT_FOUND "No static resource actuator/health."] for HTTP GET /actuator/health
2026-04-16T01:11:48.435+01:00 DEBUG 10340 --- [API-GATEWAY] [ctor-http-nio-2] o.s.http.codec.json.Jackson2JsonEncoder  : [f9e02d6b-1] Encoding [{timestamp=Thu Apr 16 01:11:48 CET 2026, path=/actuator/health, status=404, error=Not Found, request (truncated)...]
2026-04-16T01:11:48.454+01:00 DEBUG 10340 --- [API-GATEWAY] [ctor-http-nio-2] o.s.w.s.adapter.HttpWebHandlerAdapter    : [f9e02d6b-1] Completed 404 NOT_FOUND
2026-04-16T01:11:59.212+01:00 DEBUG 10340 --- [API-GATEWAY] [reshExecutor-%d] o.s.web.client.RestTemplate              : HTTP GET http://localhost:8761/eureka/apps/delta
2026-04-16T01:11:59.212+01:00 DEBUG 10340 --- [API-GATEWAY] [beatExecutor-%d] o.s.web.client.RestTemplate              : HTTP PUT http://localhost:8761/eureka/apps/API-GATEWAY/localhost:API-GATEWAY:8093?status=UP&lastDirtyTimestamp=1776297448501
2026-04-16T01:11:59.214+01:00 DEBUG 10340 --- [API-GATEWAY] [reshExecutor-%d] o.s.web.client.RestTemplate              : Accept=[application/json, application/*+json]
2026-04-16T01:11:59.214+01:00 DEBUG 10340 --- [API-GATEWAY] [beatExecutor-%d] o.s.web.client.RestTemplate              : Accept=[application/json, application/*+json]
2026-04-16T01:11:59.230+01:00 DEBUG 10340 --- [API-GATEWAY] [reshExecutor-%d] o.s.web.client.RestTemplate              : Response 200 OK
2026-04-16T01:11:59.230+01:00 DEBUG 10340 --- [API-GATEWAY] [beatExecutor-%d] o.s.web.client.RestTemplate              : Response 200 OK
2026-04-16T01:11:59.230+01:00 DEBUG 10340 --- [API-GATEWAY] [reshExecutor-%d] o.s.web.client.RestTemplate              : Reading to [org.springframework.cloud.netflix.eureka.http.EurekaApplications]
